This is pdfTeX, Version 3.141592653-2.6-1.40.27 (TeX Live 2025) (preloaded format=pdflatex 2025.7.24)  18 OCT 2025 15:15
entering extended mode
 restricted \write18 enabled.
 file:line:error style messages enabled.
 %&-line parsing enabled.
**/Users/ryosuke.umeda/codes/OMSCS/ISYE6669_Deterministic-Optimization/exam/mid_term_prep.tex
(/Users/ryosuke.umeda/codes/OMSCS/ISYE6669_Deterministic-Optimization/exam/mid_term_prep.tex
LaTeX2e <2024-11-01> patch level 2
L3 programming layer <2025-01-18>
(/usr/local/texlive/2025/texmf-dist/tex/latex/base/article.cls
Document Class: article 2024/06/29 v1.4n Standard LaTeX document class
(/usr/local/texlive/2025/texmf-dist/tex/latex/base/size10.clo
File: size10.clo 2024/06/29 v1.4n Standard LaTeX file (size option)
)
\c@part=\count196
\c@section=\count197
\c@subsection=\count198
\c@subsubsection=\count199
\c@paragraph=\count266
\c@subparagraph=\count267
\c@figure=\count268
\c@table=\count269
\abovecaptionskip=\skip49
\belowcaptionskip=\skip50
\bibindent=\dimen141
) (/usr/local/texlive/2025/texmf-dist/tex/latex/geometry/geometry.sty
Package: geometry 2020/01/02 v5.9 Page Geometry
 (/usr/local/texlive/2025/texmf-dist/tex/latex/graphics/keyval.sty
Package: keyval 2022/05/29 v1.15 key=value parser (DPC)
\KV@toks@=\toks17
) (/usr/local/texlive/2025/texmf-dist/tex/generic/iftex/ifvtex.sty
Package: ifvtex 2019/10/25 v1.7 ifvtex legacy package. Use iftex instead.
 (/usr/local/texlive/2025/texmf-dist/tex/generic/iftex/iftex.sty
Package: iftex 2024/12/12 v1.0g TeX engine tests
))
\Gm@cnth=\count270
\Gm@cntv=\count271
\c@Gm@tempcnt=\count272
\Gm@bindingoffset=\dimen142
\Gm@wd@mp=\dimen143
\Gm@odd@mp=\dimen144
\Gm@even@mp=\dimen145
\Gm@layoutwidth=\dimen146
\Gm@layoutheight=\dimen147
\Gm@layouthoffset=\dimen148
\Gm@layoutvoffset=\dimen149
\Gm@dimlist=\toks18
) (/usr/local/texlive/2025/texmf-dist/tex/latex/tools/multicol.sty
Package: multicol 2024/09/14 v1.9i multicolumn formatting (FMi)
\c@tracingmulticols=\count273
\mult@box=\box52
\multicol@leftmargin=\dimen150
\c@unbalance=\count274
\c@collectmore=\count275
\doublecol@number=\count276
\multicoltolerance=\count277
\multicolpretolerance=\count278
\full@width=\dimen151
\page@free=\dimen152
\premulticols=\dimen153
\postmulticols=\dimen154
\multicolsep=\skip51
\multicolbaselineskip=\skip52
\partial@page=\box53
\last@line=\box54
\mc@boxedresult=\box55
\maxbalancingoverflow=\dimen155
\mult@rightbox=\box56
\mult@grightbox=\box57
\mult@firstbox=\box58
\mult@gfirstbox=\box59
\@tempa=\box60
\@tempa=\box61
\@tempa=\box62
\@tempa=\box63
\@tempa=\box64
\@tempa=\box65
\@tempa=\box66
\@tempa=\box67
\@tempa=\box68
\@tempa=\box69
\@tempa=\box70
\@tempa=\box71
\@tempa=\box72
\@tempa=\box73
\@tempa=\box74
\@tempa=\box75
\@tempa=\box76
\@tempa=\box77
\@tempa=\box78
\@tempa=\box79
\@tempa=\box80
\@tempa=\box81
\@tempa=\box82
\@tempa=\box83
\@tempa=\box84
\@tempa=\box85
\@tempa=\box86
\@tempa=\box87
\@tempa=\box88
\@tempa=\box89
\@tempa=\box90
\@tempa=\box91
\@tempa=\box92
\@tempa=\box93
\@tempa=\box94
\@tempa=\box95
\c@minrows=\count279
\c@columnbadness=\count280
\c@finalcolumnbadness=\count281
\last@try=\dimen156
\multicolovershoot=\dimen157
\multicolundershoot=\dimen158
\mult@nat@firstbox=\box96
\colbreak@box=\box97
\mc@col@check@num=\count282
) (/usr/local/texlive/2025/texmf-dist/tex/latex/amsmath/amsmath.sty
Package: amsmath 2024/11/05 v2.17t AMS math features
\@mathmargin=\skip53

For additional information on amsmath, use the `?' option.
(/usr/local/texlive/2025/texmf-dist/tex/latex/amsmath/amstext.sty
Package: amstext 2021/08/26 v2.01 AMS text
 (/usr/local/texlive/2025/texmf-dist/tex/latex/amsmath/amsgen.sty
File: amsgen.sty 1999/11/30 v2.0 generic functions
\@emptytoks=\toks19
\ex@=\dimen159
)) (/usr/local/texlive/2025/texmf-dist/tex/latex/amsmath/amsbsy.sty
Package: amsbsy 1999/11/29 v1.2d Bold Symbols
\pmbraise@=\dimen160
) (/usr/local/texlive/2025/texmf-dist/tex/latex/amsmath/amsopn.sty
Package: amsopn 2022/04/08 v2.04 operator names
)
\inf@bad=\count283
LaTeX Info: Redefining \frac on input line 233.
\uproot@=\count284
\leftroot@=\count285
LaTeX Info: Redefining \overline on input line 398.
LaTeX Info: Redefining \colon on input line 409.
\classnum@=\count286
\DOTSCASE@=\count287
LaTeX Info: Redefining \ldots on input line 495.
LaTeX Info: Redefining \dots on input line 498.
LaTeX Info: Redefining \cdots on input line 619.
\Mathstrutbox@=\box98
\strutbox@=\box99
LaTeX Info: Redefining \big on input line 721.
LaTeX Info: Redefining \Big on input line 722.
LaTeX Info: Redefining \bigg on input line 723.
LaTeX Info: Redefining \Bigg on input line 724.
\big@size=\dimen161
LaTeX Font Info:    Redeclaring font encoding OML on input line 742.
LaTeX Font Info:    Redeclaring font encoding OMS on input line 743.
\macc@depth=\count288
LaTeX Info: Redefining \bmod on input line 904.
LaTeX Info: Redefining \pmod on input line 909.
LaTeX Info: Redefining \smash on input line 939.
LaTeX Info: Redefining \relbar on input line 969.
LaTeX Info: Redefining \Relbar on input line 970.
\c@MaxMatrixCols=\count289
\dotsspace@=\muskip17
\c@parentequation=\count290
\dspbrk@lvl=\count291
\tag@help=\toks20
\row@=\count292
\column@=\count293
\maxfields@=\count294
\andhelp@=\toks21
\eqnshift@=\dimen162
\alignsep@=\dimen163
\tagshift@=\dimen164
\tagwidth@=\dimen165
\totwidth@=\dimen166
\lineht@=\dimen167
\@envbody=\toks22
\multlinegap=\skip54
\multlinetaggap=\skip55
\mathdisplay@stack=\toks23
LaTeX Info: Redefining \[ on input line 2953.
LaTeX Info: Redefining \] on input line 2954.
) (/usr/local/texlive/2025/texmf-dist/tex/latex/amsfonts/amssymb.sty
Package: amssymb 2013/01/14 v3.01 AMS font symbols
 (/usr/local/texlive/2025/texmf-dist/tex/latex/amsfonts/amsfonts.sty
Package: amsfonts 2013/01/14 v3.01 Basic AMSFonts support
\symAMSa=\mathgroup4
\symAMSb=\mathgroup5
LaTeX Font Info:    Redeclaring math symbol \hbar on input line 98.
LaTeX Font Info:    Overwriting math alphabet `\mathfrak' in version `bold'
(Font)                  U/euf/m/n --> U/euf/b/n on input line 106.
)) (/usr/local/texlive/2025/texmf-dist/tex/latex/enumitem/enumitem.sty
Package: enumitem 2025/02/06 v3.11 Customized lists
\labelindent=\skip56
\enit@outerparindent=\dimen168
\enit@toks=\toks24
\enit@inbox=\box100
\enit@count@id=\count295
\enitdp@description=\count296
) (/usr/local/texlive/2025/texmf-dist/tex/latex/pgf/frontendlayer/tikz.sty (/usr/local/texlive/2025/texmf-dist/tex/latex/pgf/basiclayer/pgf.sty (/usr/local/texlive/2025/texmf-dist/tex/latex/pgf/utilities/pgfrcs.sty (/usr/local/texlive/2025/texmf-dist/tex/generic/pgf/utilities/pgfutil-common.tex
\pgfutil@everybye=\toks25
\pgfutil@tempdima=\dimen169
\pgfutil@tempdimb=\dimen170
) (/usr/local/texlive/2025/texmf-dist/tex/generic/pgf/utilities/pgfutil-latex.def
\pgfutil@abb=\box101
) (/usr/local/texlive/2025/texmf-dist/tex/generic/pgf/utilities/pgfrcs.code.tex (/usr/local/texlive/2025/texmf-dist/tex/generic/pgf/pgf.revision.tex)
Package: pgfrcs 2023-01-15 v3.1.10 (3.1.10)
))
Package: pgf 2023-01-15 v3.1.10 (3.1.10)
 (/usr/local/texlive/2025/texmf-dist/tex/latex/pgf/basiclayer/pgfcore.sty (/usr/local/texlive/2025/texmf-dist/tex/latex/graphics/graphicx.sty
Package: graphicx 2021/09/16 v1.2d Enhanced LaTeX Graphics (DPC,SPQR)
 (/usr/local/texlive/2025/texmf-dist/tex/latex/graphics/graphics.sty
Package: graphics 2024/08/06 v1.4g Standard LaTeX Graphics (DPC,SPQR)
 (/usr/local/texlive/2025/texmf-dist/tex/latex/graphics/trig.sty
Package: trig 2023/12/02 v1.11 sin cos tan (DPC)
) (/usr/local/texlive/2025/texmf-dist/tex/latex/graphics-cfg/graphics.cfg
File: graphics.cfg 2016/06/04 v1.11 sample graphics configuration
)
Package graphics Info: Driver file: pdftex.def on input line 106.
 (/usr/local/texlive/2025/texmf-dist/tex/latex/graphics-def/pdftex.def
File: pdftex.def 2024/04/13 v1.2c Graphics/color driver for pdftex
))
\Gin@req@height=\dimen171
\Gin@req@width=\dimen172
) (/usr/local/texlive/2025/texmf-dist/tex/latex/pgf/systemlayer/pgfsys.sty (/usr/local/texlive/2025/texmf-dist/tex/generic/pgf/systemlayer/pgfsys.code.tex
Package: pgfsys 2023-01-15 v3.1.10 (3.1.10)
 (/usr/local/texlive/2025/texmf-dist/tex/generic/pgf/utilities/pgfkeys.code.tex
\pgfkeys@pathtoks=\toks26
\pgfkeys@temptoks=\toks27
 (/usr/local/texlive/2025/texmf-dist/tex/generic/pgf/utilities/pgfkeyslibraryfiltered.code.tex
\pgfkeys@tmptoks=\toks28
))
\pgf@x=\dimen173
\pgf@y=\dimen174
\pgf@xa=\dimen175
\pgf@ya=\dimen176
\pgf@xb=\dimen177
\pgf@yb=\dimen178
\pgf@xc=\dimen179
\pgf@yc=\dimen180
\pgf@xd=\dimen181
\pgf@yd=\dimen182
\w@pgf@writea=\write3
\r@pgf@reada=\read2
\c@pgf@counta=\count297
\c@pgf@countb=\count298
\c@pgf@countc=\count299
\c@pgf@countd=\count300
\t@pgf@toka=\toks29
\t@pgf@tokb=\toks30
\t@pgf@tokc=\toks31
\pgf@sys@id@count=\count301
 (/usr/local/texlive/2025/texmf-dist/tex/generic/pgf/systemlayer/pgf.cfg
File: pgf.cfg 2023-01-15 v3.1.10 (3.1.10)
)
Driver file for pgf: pgfsys-pdftex.def
 (/usr/local/texlive/2025/texmf-dist/tex/generic/pgf/systemlayer/pgfsys-pdftex.def
File: pgfsys-pdftex.def 2023-01-15 v3.1.10 (3.1.10)
 (/usr/local/texlive/2025/texmf-dist/tex/generic/pgf/systemlayer/pgfsys-common-pdf.def
File: pgfsys-common-pdf.def 2023-01-15 v3.1.10 (3.1.10)
))) (/usr/local/texlive/2025/texmf-dist/tex/generic/pgf/systemlayer/pgfsyssoftpath.code.tex
File: pgfsyssoftpath.code.tex 2023-01-15 v3.1.10 (3.1.10)
\pgfsyssoftpath@smallbuffer@items=\count302
\pgfsyssoftpath@bigbuffer@items=\count303
) (/usr/local/texlive/2025/texmf-dist/tex/generic/pgf/systemlayer/pgfsysprotocol.code.tex
File: pgfsysprotocol.code.tex 2023-01-15 v3.1.10 (3.1.10)
)) (/usr/local/texlive/2025/texmf-dist/tex/latex/xcolor/xcolor.sty
Package: xcolor 2024/09/29 v3.02 LaTeX color extensions (UK)
 (/usr/local/texlive/2025/texmf-dist/tex/latex/graphics-cfg/color.cfg
File: color.cfg 2016/01/02 v1.6 sample color configuration
)
Package xcolor Info: Driver file: pdftex.def on input line 274.
 (/usr/local/texlive/2025/texmf-dist/tex/latex/graphics/mathcolor.ltx)
Package xcolor Info: Model `cmy' substituted by `cmy0' on input line 1349.
Package xcolor Info: Model `hsb' substituted by `rgb' on input line 1353.
Package xcolor Info: Model `RGB' extended on input line 1365.
Package xcolor Info: Model `HTML' substituted by `rgb' on input line 1367.
Package xcolor Info: Model `Hsb' substituted by `hsb' on input line 1368.
Package xcolor Info: Model `tHsb' substituted by `hsb' on input line 1369.
Package xcolor Info: Model `HSB' substituted by `hsb' on input line 1370.
Package xcolor Info: Model `Gray' substituted by `gray' on input line 1371.
Package xcolor Info: Model `wave' substituted by `hsb' on input line 1372.
) (/usr/local/texlive/2025/texmf-dist/tex/generic/pgf/basiclayer/pgfcore.code.tex
Package: pgfcore 2023-01-15 v3.1.10 (3.1.10)
 (/usr/local/texlive/2025/texmf-dist/tex/generic/pgf/math/pgfmath.code.tex (/usr/local/texlive/2025/texmf-dist/tex/generic/pgf/math/pgfmathutil.code.tex) (/usr/local/texlive/2025/texmf-dist/tex/generic/pgf/math/pgfmathparser.code.tex
\pgfmath@dimen=\dimen183
\pgfmath@count=\count304
\pgfmath@box=\box102
\pgfmath@toks=\toks32
\pgfmath@stack@operand=\toks33
\pgfmath@stack@operation=\toks34
) (/usr/local/texlive/2025/texmf-dist/tex/generic/pgf/math/pgfmathfunctions.code.tex) (/usr/local/texlive/2025/texmf-dist/tex/generic/pgf/math/pgfmathfunctions.basic.code.tex) (/usr/local/texlive/2025/texmf-dist/tex/generic/pgf/math/pgfmathfunctions.trigonometric.code.tex) (/usr/local/texlive/2025/texmf-dist/tex/generic/pgf/math/pgfmathfunctions.random.code.tex) (/usr/local/texlive/2025/texmf-dist/tex/generic/pgf/math/pgfmathfunctions.comparison.code.tex) (/usr/local/texlive/2025/texmf-dist/tex/generic/pgf/math/pgfmathfunctions.base.code.tex) (/usr/local/texlive/2025/texmf-dist/tex/generic/pgf/math/pgfmathfunctions.round.code.tex) (/usr/local/texlive/2025/texmf-dist/tex/generic/pgf/math/pgfmathfunctions.misc.code.tex) (/usr/local/texlive/2025/texmf-dist/tex/generic/pgf/math/pgfmathfunctions.integerarithmetics.code.tex) (/usr/local/texlive/2025/texmf-dist/tex/generic/pgf/math/pgfmathcalc.code.tex) (/usr/local/texlive/2025/texmf-dist/tex/generic/pgf/math/pgfmathfloat.code.tex
\c@pgfmathroundto@lastzeros=\count305
)) (/usr/local/texlive/2025/texmf-dist/tex/generic/pgf/math/pgfint.code.tex) (/usr/local/texlive/2025/texmf-dist/tex/generic/pgf/basiclayer/pgfcorepoints.code.tex
File: pgfcorepoints.code.tex 2023-01-15 v3.1.10 (3.1.10)
\pgf@picminx=\dimen184
\pgf@picmaxx=\dimen185
\pgf@picminy=\dimen186
\pgf@picmaxy=\dimen187
\pgf@pathminx=\dimen188
\pgf@pathmaxx=\dimen189
\pgf@pathminy=\dimen190
\pgf@pathmaxy=\dimen191
\pgf@xx=\dimen192
\pgf@xy=\dimen193
\pgf@yx=\dimen194
\pgf@yy=\dimen195
\pgf@zx=\dimen196
\pgf@zy=\dimen197
) (/usr/local/texlive/2025/texmf-dist/tex/generic/pgf/basiclayer/pgfcorepathconstruct.code.tex
File: pgfcorepathconstruct.code.tex 2023-01-15 v3.1.10 (3.1.10)
\pgf@path@lastx=\dimen198
\pgf@path@lasty=\dimen199
) (/usr/local/texlive/2025/texmf-dist/tex/generic/pgf/basiclayer/pgfcorepathusage.code.tex
File: pgfcorepathusage.code.tex 2023-01-15 v3.1.10 (3.1.10)
\pgf@shorten@end@additional=\dimen256
\pgf@shorten@start@additional=\dimen257
) (/usr/local/texlive/2025/texmf-dist/tex/generic/pgf/basiclayer/pgfcorescopes.code.tex
File: pgfcorescopes.code.tex 2023-01-15 v3.1.10 (3.1.10)
\pgfpic=\box103
\pgf@hbox=\box104
\pgf@layerbox@main=\box105
\pgf@picture@serial@count=\count306
) (/usr/local/texlive/2025/texmf-dist/tex/generic/pgf/basiclayer/pgfcoregraphicstate.code.tex
File: pgfcoregraphicstate.code.tex 2023-01-15 v3.1.10 (3.1.10)
\pgflinewidth=\dimen258
) (/usr/local/texlive/2025/texmf-dist/tex/generic/pgf/basiclayer/pgfcoretransformations.code.tex
File: pgfcoretransformations.code.tex 2023-01-15 v3.1.10 (3.1.10)
\pgf@pt@x=\dimen259
\pgf@pt@y=\dimen260
\pgf@pt@temp=\dimen261
) (/usr/local/texlive/2025/texmf-dist/tex/generic/pgf/basiclayer/pgfcorequick.code.tex
File: pgfcorequick.code.tex 2023-01-15 v3.1.10 (3.1.10)
) (/usr/local/texlive/2025/texmf-dist/tex/generic/pgf/basiclayer/pgfcoreobjects.code.tex
File: pgfcoreobjects.code.tex 2023-01-15 v3.1.10 (3.1.10)
) (/usr/local/texlive/2025/texmf-dist/tex/generic/pgf/basiclayer/pgfcorepathprocessing.code.tex
File: pgfcorepathprocessing.code.tex 2023-01-15 v3.1.10 (3.1.10)
) (/usr/local/texlive/2025/texmf-dist/tex/generic/pgf/basiclayer/pgfcorearrows.code.tex
File: pgfcorearrows.code.tex 2023-01-15 v3.1.10 (3.1.10)
\pgfarrowsep=\dimen262
) (/usr/local/texlive/2025/texmf-dist/tex/generic/pgf/basiclayer/pgfcoreshade.code.tex
File: pgfcoreshade.code.tex 2023-01-15 v3.1.10 (3.1.10)
\pgf@max=\dimen263
\pgf@sys@shading@range@num=\count307
\pgf@shadingcount=\count308
) (/usr/local/texlive/2025/texmf-dist/tex/generic/pgf/basiclayer/pgfcoreimage.code.tex
File: pgfcoreimage.code.tex 2023-01-15 v3.1.10 (3.1.10)
) (/usr/local/texlive/2025/texmf-dist/tex/generic/pgf/basiclayer/pgfcoreexternal.code.tex
File: pgfcoreexternal.code.tex 2023-01-15 v3.1.10 (3.1.10)
\pgfexternal@startupbox=\box106
) (/usr/local/texlive/2025/texmf-dist/tex/generic/pgf/basiclayer/pgfcorelayers.code.tex
File: pgfcorelayers.code.tex 2023-01-15 v3.1.10 (3.1.10)
) (/usr/local/texlive/2025/texmf-dist/tex/generic/pgf/basiclayer/pgfcoretransparency.code.tex
File: pgfcoretransparency.code.tex 2023-01-15 v3.1.10 (3.1.10)
) (/usr/local/texlive/2025/texmf-dist/tex/generic/pgf/basiclayer/pgfcorepatterns.code.tex
File: pgfcorepatterns.code.tex 2023-01-15 v3.1.10 (3.1.10)
) (/usr/local/texlive/2025/texmf-dist/tex/generic/pgf/basiclayer/pgfcorerdf.code.tex
File: pgfcorerdf.code.tex 2023-01-15 v3.1.10 (3.1.10)
))) (/usr/local/texlive/2025/texmf-dist/tex/generic/pgf/modules/pgfmoduleshapes.code.tex
File: pgfmoduleshapes.code.tex 2023-01-15 v3.1.10 (3.1.10)
\pgfnodeparttextbox=\box107
) (/usr/local/texlive/2025/texmf-dist/tex/generic/pgf/modules/pgfmoduleplot.code.tex
File: pgfmoduleplot.code.tex 2023-01-15 v3.1.10 (3.1.10)
) (/usr/local/texlive/2025/texmf-dist/tex/latex/pgf/compatibility/pgfcomp-version-0-65.sty
Package: pgfcomp-version-0-65 2023-01-15 v3.1.10 (3.1.10)
\pgf@nodesepstart=\dimen264
\pgf@nodesepend=\dimen265
) (/usr/local/texlive/2025/texmf-dist/tex/latex/pgf/compatibility/pgfcomp-version-1-18.sty
Package: pgfcomp-version-1-18 2023-01-15 v3.1.10 (3.1.10)
)) (/usr/local/texlive/2025/texmf-dist/tex/latex/pgf/utilities/pgffor.sty (/usr/local/texlive/2025/texmf-dist/tex/latex/pgf/utilities/pgfkeys.sty (/usr/local/texlive/2025/texmf-dist/tex/generic/pgf/utilities/pgfkeys.code.tex)) (/usr/local/texlive/2025/texmf-dist/tex/latex/pgf/math/pgfmath.sty (/usr/local/texlive/2025/texmf-dist/tex/generic/pgf/math/pgfmath.code.tex)) (/usr/local/texlive/2025/texmf-dist/tex/generic/pgf/utilities/pgffor.code.tex
Package: pgffor 2023-01-15 v3.1.10 (3.1.10)
\pgffor@iter=\dimen266
\pgffor@skip=\dimen267
\pgffor@stack=\toks35
\pgffor@toks=\toks36
)) (/usr/local/texlive/2025/texmf-dist/tex/generic/pgf/frontendlayer/tikz/tikz.code.tex
Package: tikz 2023-01-15 v3.1.10 (3.1.10)
 (/usr/local/texlive/2025/texmf-dist/tex/generic/pgf/libraries/pgflibraryplothandlers.code.tex
File: pgflibraryplothandlers.code.tex 2023-01-15 v3.1.10 (3.1.10)
\pgf@plot@mark@count=\count309
\pgfplotmarksize=\dimen268
)
\tikz@lastx=\dimen269
\tikz@lasty=\dimen270
\tikz@lastxsaved=\dimen271
\tikz@lastysaved=\dimen272
\tikz@lastmovetox=\dimen273
\tikz@lastmovetoy=\dimen274
\tikzleveldistance=\dimen275
\tikzsiblingdistance=\dimen276
\tikz@figbox=\box108
\tikz@figbox@bg=\box109
\tikz@tempbox=\box110
\tikz@tempbox@bg=\box111
\tikztreelevel=\count310
\tikznumberofchildren=\count311
\tikznumberofcurrentchild=\count312
\tikz@fig@count=\count313
 (/usr/local/texlive/2025/texmf-dist/tex/generic/pgf/modules/pgfmodulematrix.code.tex
File: pgfmodulematrix.code.tex 2023-01-15 v3.1.10 (3.1.10)
\pgfmatrixcurrentrow=\count314
\pgfmatrixcurrentcolumn=\count315
\pgf@matrix@numberofcolumns=\count316
)
\tikz@expandcount=\count317
 (/usr/local/texlive/2025/texmf-dist/tex/generic/pgf/frontendlayer/tikz/libraries/tikzlibrarytopaths.code.tex
File: tikzlibrarytopaths.code.tex 2023-01-15 v3.1.10 (3.1.10)
))) (/usr/local/texlive/2025/texmf-dist/tex/latex/flowchart/flowchart.sty
Package: flowchart 2015/03/19 3.3 Flowchart shapes for TikZ
 (/usr/local/texlive/2025/texmf-dist/tex/latex/makeshape/makeshape.sty
Package: makeshape 2013/01/25 2.1 Making custom shapes for PGF/TikZ
 (/usr/local/texlive/2025/texmf-dist/tex/generic/pgf/libraries/pgflibraryintersections.code.tex (/usr/local/texlive/2025/texmf-dist/tex/generic/pgf/libraries/pgflibraryfpu.code.tex)
\pgf@intersect@solutions=\count318
)
\crct@dim=\dimen277
) (/usr/local/texlive/2025/texmf-dist/tex/generic/pgf/frontendlayer/tikz/libraries/tikzlibraryshapes.code.tex
File: tikzlibraryshapes.code.tex 2023-01-15 v3.1.10 (3.1.10)
 (/usr/local/texlive/2025/texmf-dist/tex/generic/pgf/frontendlayer/tikz/libraries/tikzlibraryshapes.geometric.code.tex
File: tikzlibraryshapes.geometric.code.tex 2023-01-15 v3.1.10 (3.1.10)
 (/usr/local/texlive/2025/texmf-dist/tex/generic/pgf/libraries/shapes/pgflibraryshapes.geometric.code.tex
File: pgflibraryshapes.geometric.code.tex 2023-01-15 v3.1.10 (3.1.10)
)) (/usr/local/texlive/2025/texmf-dist/tex/generic/pgf/frontendlayer/tikz/libraries/tikzlibraryshapes.misc.code.tex
File: tikzlibraryshapes.misc.code.tex 2023-01-15 v3.1.10 (3.1.10)
 (/usr/local/texlive/2025/texmf-dist/tex/generic/pgf/libraries/shapes/pgflibraryshapes.misc.code.tex
File: pgflibraryshapes.misc.code.tex 2023-01-15 v3.1.10 (3.1.10)
)) (/usr/local/texlive/2025/texmf-dist/tex/generic/pgf/frontendlayer/tikz/libraries/tikzlibraryshapes.symbols.code.tex
File: tikzlibraryshapes.symbols.code.tex 2023-01-15 v3.1.10 (3.1.10)
 (/usr/local/texlive/2025/texmf-dist/tex/generic/pgf/libraries/shapes/pgflibraryshapes.symbols.code.tex
File: pgflibraryshapes.symbols.code.tex 2023-01-15 v3.1.10 (3.1.10)
)) (/usr/local/texlive/2025/texmf-dist/tex/generic/pgf/frontendlayer/tikz/libraries/tikzlibraryshapes.arrows.code.tex
File: tikzlibraryshapes.arrows.code.tex 2023-01-15 v3.1.10 (3.1.10)
 (/usr/local/texlive/2025/texmf-dist/tex/generic/pgf/libraries/shapes/pgflibraryshapes.arrows.code.tex
File: pgflibraryshapes.arrows.code.tex 2023-01-15 v3.1.10 (3.1.10)
)) (/usr/local/texlive/2025/texmf-dist/tex/generic/pgf/frontendlayer/tikz/libraries/tikzlibraryshapes.callouts.code.tex (/usr/local/texlive/2025/texmf-dist/tex/generic/pgf/libraries/shapes/pgflibraryshapes.callouts.code.tex)) (/usr/local/texlive/2025/texmf-dist/tex/generic/pgf/frontendlayer/tikz/libraries/tikzlibraryshapes.multipart.code.tex
File: tikzlibraryshapes.multipart.code.tex 2023-01-15 v3.1.10 (3.1.10)
 (/usr/local/texlive/2025/texmf-dist/tex/generic/pgf/libraries/shapes/pgflibraryshapes.multipart.code.tex
File: pgflibraryshapes.multipart.code.tex 2023-01-15 v3.1.10 (3.1.10)
\pgfnodepartlowerbox=\box112
\pgfnodeparttwobox=\box113
\pgfnodepartthreebox=\box114
\pgfnodepartfourbox=\box115
\pgfnodeparttwentybox=\box116
\pgfnodepartnineteenbox=\box117
\pgfnodeparteighteenbox=\box118
\pgfnodepartseventeenbox=\box119
\pgfnodepartsixteenbox=\box120
\pgfnodepartfifteenbox=\box121
\pgfnodepartfourteenbox=\box122
\pgfnodepartthirteenbox=\box123
\pgfnodeparttwelvebox=\box124
\pgfnodepartelevenbox=\box125
\pgfnodeparttenbox=\box126
\pgfnodepartninebox=\box127
\pgfnodeparteightbox=\box128
\pgfnodepartsevenbox=\box129
\pgfnodepartsixbox=\box130
\pgfnodepartfivebox=\box131
)))) (/usr/local/texlive/2025/texmf-dist/tex/latex/base/inputenc.sty
Package: inputenc 2024/02/08 v1.3d Input encoding file
\inpenc@prehook=\toks37
\inpenc@posthook=\toks38
) (/usr/local/texlive/2025/texmf-dist/tex/generic/babel/babel.sty
Package: babel 2025/02/14 v25.4 The multilingual framework for pdfLaTeX, LuaLaTeX and XeLaTeX
\babel@savecnt=\count319
\U@D=\dimen278
\l@unhyphenated=\language90
 (/usr/local/texlive/2025/texmf-dist/tex/generic/babel/txtbabel.def)
\bbl@readstream=\read3
\bbl@dirlevel=\count320
 (/usr/local/texlive/2025/texmf-dist/tex/generic/babel-japanese/japanese.ldf
Language: japanese 2021/02/13 v3.1 Japanese support for babel (texjporg)
Package babel Info: No hyphenation patterns are available for Japanese,
(babel)             so I will use the patterns preloaded for \language=0
(babel)             instead on input line 37.
Package babel Info: Hyphen rules for 'japanese' set to \l@english
(babel)             (\language0). Reported on input line 38.
)) (/usr/local/texlive/2025/texmf-dist/tex/generic/babel/locale/ja/babel-japanese.tex
Package babel Info: Importing font and identification data for japanese
(babel)             from babel-ja.ini. Reported on input line 11.
) (/usr/local/texlive/2025/texmf-dist/tex/xelatex/xecjk/xeCJK.sty (/usr/local/texlive/2025/texmf-dist/tex/latex/l3kernel/expl3.sty
Package: expl3 2025-01-18 L3 programming layer (loader) 
 (/usr/local/texlive/2025/texmf-dist/tex/latex/l3backend/l3backend-pdftex.def
File: l3backend-pdftex.def 2024-05-08 L3 backend support: PDF output (pdfTeX)
\l__color_backend_stack_int=\count321
\l__pdf_internal_box=\box132
))
Package: xeCJK 2022/08/05 v3.9.1 Typesetting CJK scripts with XeLaTeX


/usr/local/texlive/2025/texmf-dist/tex/xelatex/xecjk/xeCJK.sty:43: Critical Package xeCJK Error: The xeCJK package requires XeTeX to function.
(xeCJK)                         
(xeCJK)                         You must change your typesetting engine to
(xeCJK)                         "xelatex"
(xeCJK)                         instead of plain "latex" or "pdflatex" or
(xeCJK)                         "lualatex".
(xeCJK)                         Loading xeCJK will abort!

Type <return> to continue.
 ...                                              
                                                  
l.43 ..._critical:nn { xeCJK } { Require-XeTeX } }
                                                  

LaTeX does not know anything more about this error, sorry.

Try typing <return> to proceed.
If that doesn't work, type X <return> to quit.

Reading the current file 'xeCJK' will stop.


) (./mid_term_prep.aux)
\openout1 = `mid_term_prep.aux'.

LaTeX Font Info:    Checking defaults for OML/cmm/m/it on input line 16.
LaTeX Font Info:    ... okay on input line 16.
LaTeX Font Info:    Checking defaults for OMS/cmsy/m/n on input line 16.
LaTeX Font Info:    ... okay on input line 16.
LaTeX Font Info:    Checking defaults for OT1/cmr/m/n on input line 16.
LaTeX Font Info:    ... okay on input line 16.
LaTeX Font Info:    Checking defaults for T1/cmr/m/n on input line 16.
LaTeX Font Info:    ... okay on input line 16.
LaTeX Font Info:    Checking defaults for TS1/cmr/m/n on input line 16.
LaTeX Font Info:    ... okay on input line 16.
LaTeX Font Info:    Checking defaults for OMX/cmex/m/n on input line 16.
LaTeX Font Info:    ... okay on input line 16.
LaTeX Font Info:    Checking defaults for U/cmr/m/n on input line 16.
LaTeX Font Info:    ... okay on input line 16.

*geometry* driver: auto-detecting
*geometry* detected driver: pdftex
*geometry* verbose mode - [ preamble ] result:
* driver: pdftex
* paper: a4paper
* layout: <same size as paper>
* layoutoffset:(h,v)=(0.0pt,0.0pt)
* modes: landscape 
* h-part:(L,W,R)=(14.22636pt, 816.59412pt, 14.22636pt)
* v-part:(T,H,B)=(14.22636pt, 569.05515pt, 14.22636pt)
* \paperwidth=845.04684pt
* \paperheight=597.50787pt
* \textwidth=816.59412pt
* \textheight=569.05515pt
* \oddsidemargin=-58.04362pt
* \evensidemargin=-58.04362pt
* \topmargin=-95.04362pt
* \headheight=12.0pt
* \headsep=25.0pt
* \topskip=10.0pt
* \footskip=30.0pt
* \marginparwidth=144.0pt
* \marginparsep=11.0pt
* \columnsep=10.0pt
* \skip\footins=9.0pt plus 4.0pt minus 2.0pt
* \hoffset=0.0pt
* \voffset=0.0pt
* \mag=1000
* \@twocolumnfalse
* \@twosidefalse
* \@mparswitchfalse
* \@reversemarginfalse
* (1in=72.27pt=25.4mm, 1cm=28.453pt)

(/usr/local/texlive/2025/texmf-dist/tex/context/base/mkii/supp-pdf.mkii
[Loading MPS to PDF converter (version 2006.09.02).]
\scratchcounter=\count322
\scratchdimen=\dimen279
\scratchbox=\box133
\nofMPsegments=\count323
\nofMParguments=\count324
\everyMPshowfont=\toks39
\MPscratchCnt=\count325
\MPscratchDim=\dimen280
\MPnumerator=\count326
\makeMPintoPDFobject=\count327
\everyMPtoPDFconversion=\toks40
) (/usr/local/texlive/2025/texmf-dist/tex/latex/epstopdf-pkg/epstopdf-base.sty
Package: epstopdf-base 2020-01-24 v2.11 Base part for package epstopdf
Package epstopdf-base Info: Redefining graphics rule for `.eps' on input line 485.
 (/usr/local/texlive/2025/texmf-dist/tex/latex/latexconfig/epstopdf-sys.cfg
File: epstopdf-sys.cfg 2010/07/13 v1.3 Configuration of (r)epstopdf for TeX Live
))

/Users/ryosuke.umeda/codes/OMSCS/ISYE6669_Deterministic-Optimization/exam/mid_term_prep.tex:21: LaTeX Error: Unicode character 基 (U+57FA)
               not set up for use with LaTeX.

See the LaTeX manual or LaTeX Companion for explanation.
Type  H <return>  for immediate help.
 ...                                              
                                                  
l.21 \section*{基本概念と線形代数}
                                           
You may provide a definition with
\DeclareUnicodeCharacter 


/Users/ryosuke.umeda/codes/OMSCS/ISYE6669_Deterministic-Optimization/exam/mid_term_prep.tex:21: LaTeX Error: Unicode character 本 (U+672C)
               not set up for use with LaTeX.

See the LaTeX manual or LaTeX Companion for explanation.
Type  H <return>  for immediate help.
 ...                                              
                                                  
l.21 \section*{基本概念と線形代数}
                                           
You may provide a definition with
\DeclareUnicodeCharacter 


/Users/ryosuke.umeda/codes/OMSCS/ISYE6669_Deterministic-Optimization/exam/mid_term_prep.tex:21: LaTeX Error: Unicode character 概 (U+6982)
               not set up for use with LaTeX.

See the LaTeX manual or LaTeX Companion for explanation.
Type  H <return>  for immediate help.
 ...                                              
                                                  
l.21 \section*{基本概念と線形代数}
                                           
You may provide a definition with
\DeclareUnicodeCharacter 


/Users/ryosuke.umeda/codes/OMSCS/ISYE6669_Deterministic-Optimization/exam/mid_term_prep.tex:21: LaTeX Error: Unicode character 念 (U+5FF5)
               not set up for use with LaTeX.

See the LaTeX manual or LaTeX Companion for explanation.
Type  H <return>  for immediate help.
 ...                                              
                                                  
l.21 \section*{基本概念と線形代数}
                                           
You may provide a definition with
\DeclareUnicodeCharacter 


/Users/ryosuke.umeda/codes/OMSCS/ISYE6669_Deterministic-Optimization/exam/mid_term_prep.tex:21: LaTeX Error: Unicode character と (U+3068)
               not set up for use with LaTeX.

See the LaTeX manual or LaTeX Companion for explanation.
Type  H <return>  for immediate help.
 ...                                              
                                                  
l.21 \section*{基本概念と線形代数}
                                           
You may provide a definition with
\DeclareUnicodeCharacter 


/Users/ryosuke.umeda/codes/OMSCS/ISYE6669_Deterministic-Optimization/exam/mid_term_prep.tex:21: LaTeX Error: Unicode character 線 (U+7DDA)
               not set up for use with LaTeX.

See the LaTeX manual or LaTeX Companion for explanation.
Type  H <return>  for immediate help.
 ...                                              
                                                  
l.21 \section*{基本概念と線形代数}
                                           
You may provide a definition with
\DeclareUnicodeCharacter 


/Users/ryosuke.umeda/codes/OMSCS/ISYE6669_Deterministic-Optimization/exam/mid_term_prep.tex:21: LaTeX Error: Unicode character 形 (U+5F62)
               not set up for use with LaTeX.

See the LaTeX manual or LaTeX Companion for explanation.
Type  H <return>  for immediate help.
 ...                                              
                                                  
l.21 \section*{基本概念と線形代数}
                                           
You may provide a definition with
\DeclareUnicodeCharacter 


/Users/ryosuke.umeda/codes/OMSCS/ISYE6669_Deterministic-Optimization/exam/mid_term_prep.tex:21: LaTeX Error: Unicode character 代 (U+4EE3)
               not set up for use with LaTeX.

See the LaTeX manual or LaTeX Companion for explanation.
Type  H <return>  for immediate help.
 ...                                              
                                                  
l.21 \section*{基本概念と線形代数}
                                           
You may provide a definition with
\DeclareUnicodeCharacter 


/Users/ryosuke.umeda/codes/OMSCS/ISYE6669_Deterministic-Optimization/exam/mid_term_prep.tex:21: LaTeX Error: Unicode character 数 (U+6570)
               not set up for use with LaTeX.

See the LaTeX manual or LaTeX Companion for explanation.
Type  H <return>  for immediate help.
 ...                                              
                                                  
l.21 \section*{基本概念と線形代数}
                                           
You may provide a definition with
\DeclareUnicodeCharacter 


/Users/ryosuke.umeda/codes/OMSCS/ISYE6669_Deterministic-Optimization/exam/mid_term_prep.tex:23: LaTeX Error: Unicode character 最 (U+6700)
               not set up for use with LaTeX.

See the LaTeX manual or LaTeX Companion for explanation.
Type  H <return>  for immediate help.
 ...                                              
                                                  
l.23 \subsection*{最適化問題の基本形}
                                              
You may provide a definition with
\DeclareUnicodeCharacter 


/Users/ryosuke.umeda/codes/OMSCS/ISYE6669_Deterministic-Optimization/exam/mid_term_prep.tex:23: LaTeX Error: Unicode character 適 (U+9069)
               not set up for use with LaTeX.

See the LaTeX manual or LaTeX Companion for explanation.
Type  H <return>  for immediate help.
 ...                                              
                                                  
l.23 \subsection*{最適化問題の基本形}
                                              
You may provide a definition with
\DeclareUnicodeCharacter 


/Users/ryosuke.umeda/codes/OMSCS/ISYE6669_Deterministic-Optimization/exam/mid_term_prep.tex:23: LaTeX Error: Unicode character 化 (U+5316)
               not set up for use with LaTeX.

See the LaTeX manual or LaTeX Companion for explanation.
Type  H <return>  for immediate help.
 ...                                              
                                                  
l.23 \subsection*{最適化問題の基本形}
                                              
You may provide a definition with
\DeclareUnicodeCharacter 


/Users/ryosuke.umeda/codes/OMSCS/ISYE6669_Deterministic-Optimization/exam/mid_term_prep.tex:23: LaTeX Error: Unicode character 問 (U+554F)
               not set up for use with LaTeX.

See the LaTeX manual or LaTeX Companion for explanation.
Type  H <return>  for immediate help.
 ...                                              
                                                  
l.23 \subsection*{最適化問題の基本形}
                                              
You may provide a definition with
\DeclareUnicodeCharacter 


/Users/ryosuke.umeda/codes/OMSCS/ISYE6669_Deterministic-Optimization/exam/mid_term_prep.tex:23: LaTeX Error: Unicode character 題 (U+984C)
               not set up for use with LaTeX.

See the LaTeX manual or LaTeX Companion for explanation.
Type  H <return>  for immediate help.
 ...                                              
                                                  
l.23 \subsection*{最適化問題の基本形}
                                              
You may provide a definition with
\DeclareUnicodeCharacter 


/Users/ryosuke.umeda/codes/OMSCS/ISYE6669_Deterministic-Optimization/exam/mid_term_prep.tex:23: LaTeX Error: Unicode character の (U+306E)
               not set up for use with LaTeX.

See the LaTeX manual or LaTeX Companion for explanation.
Type  H <return>  for immediate help.
 ...                                              
                                                  
l.23 \subsection*{最適化問題の基本形}
                                              
You may provide a definition with
\DeclareUnicodeCharacter 


/Users/ryosuke.umeda/codes/OMSCS/ISYE6669_Deterministic-Optimization/exam/mid_term_prep.tex:23: LaTeX Error: Unicode character 基 (U+57FA)
               not set up for use with LaTeX.

See the LaTeX manual or LaTeX Companion for explanation.
Type  H <return>  for immediate help.
 ...                                              
                                                  
l.23 \subsection*{最適化問題の基本形}
                                              
You may provide a definition with
\DeclareUnicodeCharacter 


/Users/ryosuke.umeda/codes/OMSCS/ISYE6669_Deterministic-Optimization/exam/mid_term_prep.tex:23: LaTeX Error: Unicode character 本 (U+672C)
               not set up for use with LaTeX.

See the LaTeX manual or LaTeX Companion for explanation.
Type  H <return>  for immediate help.
 ...                                              
                                                  
l.23 \subsection*{最適化問題の基本形}
                                              
You may provide a definition with
\DeclareUnicodeCharacter 


/Users/ryosuke.umeda/codes/OMSCS/ISYE6669_Deterministic-Optimization/exam/mid_term_prep.tex:23: LaTeX Error: Unicode character 形 (U+5F62)
               not set up for use with LaTeX.

See the LaTeX manual or LaTeX Companion for explanation.
Type  H <return>  for immediate help.
 ...                                              
                                                  
l.23 \subsection*{最適化問題の基本形}
                                              
You may provide a definition with
\DeclareUnicodeCharacter 

LaTeX Font Info:    Trying to load font information for U+msa on input line 24.
(/usr/local/texlive/2025/texmf-dist/tex/latex/amsfonts/umsa.fd
File: umsa.fd 2013/01/14 v3.01 AMS symbols A
)
LaTeX Font Info:    Trying to load font information for U+msb on input line 24.
 (/usr/local/texlive/2025/texmf-dist/tex/latex/amsfonts/umsb.fd
File: umsb.fd 2013/01/14 v3.01 AMS symbols B
)

/Users/ryosuke.umeda/codes/OMSCS/ISYE6669_Deterministic-Optimization/exam/mid_term_prep.tex:29: LaTeX Error: Unicode character 不 (U+4E0D)
               not set up for use with LaTeX.

See the LaTeX manual or LaTeX Companion for explanation.
Type  H <return>  for immediate help.
 ...                                              
                                                  
l.29 \end{align}
                
You may provide a definition with
\DeclareUnicodeCharacter 


/Users/ryosuke.umeda/codes/OMSCS/ISYE6669_Deterministic-Optimization/exam/mid_term_prep.tex:29: LaTeX Error: Unicode character 等 (U+7B49)
               not set up for use with LaTeX.

See the LaTeX manual or LaTeX Companion for explanation.
Type  H <return>  for immediate help.
 ...                                              
                                                  
l.29 \end{align}
                
You may provide a definition with
\DeclareUnicodeCharacter 


/Users/ryosuke.umeda/codes/OMSCS/ISYE6669_Deterministic-Optimization/exam/mid_term_prep.tex:29: LaTeX Error: Unicode character 式 (U+5F0F)
               not set up for use with LaTeX.

See the LaTeX manual or LaTeX Companion for explanation.
Type  H <return>  for immediate help.
 ...                                              
                                                  
l.29 \end{align}
                
You may provide a definition with
\DeclareUnicodeCharacter 


/Users/ryosuke.umeda/codes/OMSCS/ISYE6669_Deterministic-Optimization/exam/mid_term_prep.tex:29: LaTeX Error: Unicode character 制 (U+5236)
               not set up for use with LaTeX.

See the LaTeX manual or LaTeX Companion for explanation.
Type  H <return>  for immediate help.
 ...                                              
                                                  
l.29 \end{align}
                
You may provide a definition with
\DeclareUnicodeCharacter 


/Users/ryosuke.umeda/codes/OMSCS/ISYE6669_Deterministic-Optimization/exam/mid_term_prep.tex:29: LaTeX Error: Unicode character 約 (U+7D04)
               not set up for use with LaTeX.

See the LaTeX manual or LaTeX Companion for explanation.
Type  H <return>  for immediate help.
 ...                                              
                                                  
l.29 \end{align}
                
You may provide a definition with
\DeclareUnicodeCharacter 


/Users/ryosuke.umeda/codes/OMSCS/ISYE6669_Deterministic-Optimization/exam/mid_term_prep.tex:29: LaTeX Error: Unicode character 等 (U+7B49)
               not set up for use with LaTeX.

See the LaTeX manual or LaTeX Companion for explanation.
Type  H <return>  for immediate help.
 ...                                              
                                                  
l.29 \end{align}
                
You may provide a definition with
\DeclareUnicodeCharacter 


/Users/ryosuke.umeda/codes/OMSCS/ISYE6669_Deterministic-Optimization/exam/mid_term_prep.tex:29: LaTeX Error: Unicode character 式 (U+5F0F)
               not set up for use with LaTeX.

See the LaTeX manual or LaTeX Companion for explanation.
Type  H <return>  for immediate help.
 ...                                              
                                                  
l.29 \end{align}
                
You may provide a definition with
\DeclareUnicodeCharacter 


/Users/ryosuke.umeda/codes/OMSCS/ISYE6669_Deterministic-Optimization/exam/mid_term_prep.tex:29: LaTeX Error: Unicode character 制 (U+5236)
               not set up for use with LaTeX.

See the LaTeX manual or LaTeX Companion for explanation.
Type  H <return>  for immediate help.
 ...                                              
                                                  
l.29 \end{align}
                
You may provide a definition with
\DeclareUnicodeCharacter 


/Users/ryosuke.umeda/codes/OMSCS/ISYE6669_Deterministic-Optimization/exam/mid_term_prep.tex:29: LaTeX Error: Unicode character 約 (U+7D04)
               not set up for use with LaTeX.

See the LaTeX manual or LaTeX Companion for explanation.
Type  H <return>  for immediate help.
 ...                                              
                                                  
l.29 \end{align}
                
You may provide a definition with
\DeclareUnicodeCharacter 


/Users/ryosuke.umeda/codes/OMSCS/ISYE6669_Deterministic-Optimization/exam/mid_term_prep.tex:29: LaTeX Error: Unicode character 変 (U+5909)
               not set up for use with LaTeX.

See the LaTeX manual or LaTeX Companion for explanation.
Type  H <return>  for immediate help.
 ...                                              
                                                  
l.29 \end{align}
                
You may provide a definition with
\DeclareUnicodeCharacter 


/Users/ryosuke.umeda/codes/OMSCS/ISYE6669_Deterministic-Optimization/exam/mid_term_prep.tex:29: LaTeX Error: Unicode character 数 (U+6570)
               not set up for use with LaTeX.

See the LaTeX manual or LaTeX Companion for explanation.
Type  H <return>  for immediate help.
 ...                                              
                                                  
l.29 \end{align}
                
You may provide a definition with
\DeclareUnicodeCharacter 


/Users/ryosuke.umeda/codes/OMSCS/ISYE6669_Deterministic-Optimization/exam/mid_term_prep.tex:29: LaTeX Error: Unicode character の (U+306E)
               not set up for use with LaTeX.

See the LaTeX manual or LaTeX Companion for explanation.
Type  H <return>  for immediate help.
 ...                                              
                                                  
l.29 \end{align}
                
You may provide a definition with
\DeclareUnicodeCharacter 


/Users/ryosuke.umeda/codes/OMSCS/ISYE6669_Deterministic-Optimization/exam/mid_term_prep.tex:29: LaTeX Error: Unicode character 範 (U+7BC4)
               not set up for use with LaTeX.

See the LaTeX manual or LaTeX Companion for explanation.
Type  H <return>  for immediate help.
 ...                                              
                                                  
l.29 \end{align}
                
You may provide a definition with
\DeclareUnicodeCharacter 


/Users/ryosuke.umeda/codes/OMSCS/ISYE6669_Deterministic-Optimization/exam/mid_term_prep.tex:29: LaTeX Error: Unicode character 囲 (U+56F2)
               not set up for use with LaTeX.

See the LaTeX manual or LaTeX Companion for explanation.
Type  H <return>  for immediate help.
 ...                                              
                                                  
l.29 \end{align}
                
You may provide a definition with
\DeclareUnicodeCharacter 


/Users/ryosuke.umeda/codes/OMSCS/ISYE6669_Deterministic-Optimization/exam/mid_term_prep.tex:29: LaTeX Error: Unicode character 不 (U+4E0D)
               not set up for use with LaTeX.

See the LaTeX manual or LaTeX Companion for explanation.
Type  H <return>  for immediate help.
 ...                                              
                                                  
l.29 \end{align}
                
You may provide a definition with
\DeclareUnicodeCharacter 


/Users/ryosuke.umeda/codes/OMSCS/ISYE6669_Deterministic-Optimization/exam/mid_term_prep.tex:29: LaTeX Error: Unicode character 等 (U+7B49)
               not set up for use with LaTeX.

See the LaTeX manual or LaTeX Companion for explanation.
Type  H <return>  for immediate help.
 ...                                              
                                                  
l.29 \end{align}
                
You may provide a definition with
\DeclareUnicodeCharacter 


/Users/ryosuke.umeda/codes/OMSCS/ISYE6669_Deterministic-Optimization/exam/mid_term_prep.tex:29: LaTeX Error: Unicode character 式 (U+5F0F)
               not set up for use with LaTeX.

See the LaTeX manual or LaTeX Companion for explanation.
Type  H <return>  for immediate help.
 ...                                              
                                                  
l.29 \end{align}
                
You may provide a definition with
\DeclareUnicodeCharacter 


/Users/ryosuke.umeda/codes/OMSCS/ISYE6669_Deterministic-Optimization/exam/mid_term_prep.tex:29: LaTeX Error: Unicode character 制 (U+5236)
               not set up for use with LaTeX.

See the LaTeX manual or LaTeX Companion for explanation.
Type  H <return>  for immediate help.
 ...                                              
                                                  
l.29 \end{align}
                
You may provide a definition with
\DeclareUnicodeCharacter 


/Users/ryosuke.umeda/codes/OMSCS/ISYE6669_Deterministic-Optimization/exam/mid_term_prep.tex:29: LaTeX Error: Unicode character 約 (U+7D04)
               not set up for use with LaTeX.

See the LaTeX manual or LaTeX Companion for explanation.
Type  H <return>  for immediate help.
 ...                                              
                                                  
l.29 \end{align}
                
You may provide a definition with
\DeclareUnicodeCharacter 


/Users/ryosuke.umeda/codes/OMSCS/ISYE6669_Deterministic-Optimization/exam/mid_term_prep.tex:29: LaTeX Error: Unicode character 等 (U+7B49)
               not set up for use with LaTeX.

See the LaTeX manual or LaTeX Companion for explanation.
Type  H <return>  for immediate help.
 ...                                              
                                                  
l.29 \end{align}
                
You may provide a definition with
\DeclareUnicodeCharacter 


/Users/ryosuke.umeda/codes/OMSCS/ISYE6669_Deterministic-Optimization/exam/mid_term_prep.tex:29: LaTeX Error: Unicode character 式 (U+5F0F)
               not set up for use with LaTeX.

See the LaTeX manual or LaTeX Companion for explanation.
Type  H <return>  for immediate help.
 ...                                              
                                                  
l.29 \end{align}
                
You may provide a definition with
\DeclareUnicodeCharacter 


/Users/ryosuke.umeda/codes/OMSCS/ISYE6669_Deterministic-Optimization/exam/mid_term_prep.tex:29: LaTeX Error: Unicode character 制 (U+5236)
               not set up for use with LaTeX.

See the LaTeX manual or LaTeX Companion for explanation.
Type  H <return>  for immediate help.
 ...                                              
                                                  
l.29 \end{align}
                
You may provide a definition with
\DeclareUnicodeCharacter 


/Users/ryosuke.umeda/codes/OMSCS/ISYE6669_Deterministic-Optimization/exam/mid_term_prep.tex:29: LaTeX Error: Unicode character 約 (U+7D04)
               not set up for use with LaTeX.

See the LaTeX manual or LaTeX Companion for explanation.
Type  H <return>  for immediate help.
 ...                                              
                                                  
l.29 \end{align}
                
You may provide a definition with
\DeclareUnicodeCharacter 


/Users/ryosuke.umeda/codes/OMSCS/ISYE6669_Deterministic-Optimization/exam/mid_term_prep.tex:29: LaTeX Error: Unicode character 変 (U+5909)
               not set up for use with LaTeX.

See the LaTeX manual or LaTeX Companion for explanation.
Type  H <return>  for immediate help.
 ...                                              
                                                  
l.29 \end{align}
                
You may provide a definition with
\DeclareUnicodeCharacter 


/Users/ryosuke.umeda/codes/OMSCS/ISYE6669_Deterministic-Optimization/exam/mid_term_prep.tex:29: LaTeX Error: Unicode character 数 (U+6570)
               not set up for use with LaTeX.

See the LaTeX manual or LaTeX Companion for explanation.
Type  H <return>  for immediate help.
 ...                                              
                                                  
l.29 \end{align}
                
You may provide a definition with
\DeclareUnicodeCharacter 


/Users/ryosuke.umeda/codes/OMSCS/ISYE6669_Deterministic-Optimization/exam/mid_term_prep.tex:29: LaTeX Error: Unicode character の (U+306E)
               not set up for use with LaTeX.

See the LaTeX manual or LaTeX Companion for explanation.
Type  H <return>  for immediate help.
 ...                                              
                                                  
l.29 \end{align}
                
You may provide a definition with
\DeclareUnicodeCharacter 


/Users/ryosuke.umeda/codes/OMSCS/ISYE6669_Deterministic-Optimization/exam/mid_term_prep.tex:29: LaTeX Error: Unicode character 範 (U+7BC4)
               not set up for use with LaTeX.

See the LaTeX manual or LaTeX Companion for explanation.
Type  H <return>  for immediate help.
 ...                                              
                                                  
l.29 \end{align}
                
You may provide a definition with
\DeclareUnicodeCharacter 


/Users/ryosuke.umeda/codes/OMSCS/ISYE6669_Deterministic-Optimization/exam/mid_term_prep.tex:29: LaTeX Error: Unicode character 囲 (U+56F2)
               not set up for use with LaTeX.

See the LaTeX manual or LaTeX Companion for explanation.
Type  H <return>  for immediate help.
 ...                                              
                                                  
l.29 \end{align}
                
You may provide a definition with
\DeclareUnicodeCharacter 


/Users/ryosuke.umeda/codes/OMSCS/ISYE6669_Deterministic-Optimization/exam/mid_term_prep.tex:31: LaTeX Error: Unicode character 線 (U+7DDA)
               not set up for use with LaTeX.

See the LaTeX manual or LaTeX Companion for explanation.
Type  H <return>  for immediate help.
 ...                                              
                                                  
l.31 \subsection*{線形代数の基礎}
                                        
You may provide a definition with
\DeclareUnicodeCharacter 


/Users/ryosuke.umeda/codes/OMSCS/ISYE6669_Deterministic-Optimization/exam/mid_term_prep.tex:31: LaTeX Error: Unicode character 形 (U+5F62)
               not set up for use with LaTeX.

See the LaTeX manual or LaTeX Companion for explanation.
Type  H <return>  for immediate help.
 ...                                              
                                                  
l.31 \subsection*{線形代数の基礎}
                                        
You may provide a definition with
\DeclareUnicodeCharacter 


/Users/ryosuke.umeda/codes/OMSCS/ISYE6669_Deterministic-Optimization/exam/mid_term_prep.tex:31: LaTeX Error: Unicode character 代 (U+4EE3)
               not set up for use with LaTeX.

See the LaTeX manual or LaTeX Companion for explanation.
Type  H <return>  for immediate help.
 ...                                              
                                                  
l.31 \subsection*{線形代数の基礎}
                                        
You may provide a definition with
\DeclareUnicodeCharacter 


/Users/ryosuke.umeda/codes/OMSCS/ISYE6669_Deterministic-Optimization/exam/mid_term_prep.tex:31: LaTeX Error: Unicode character 数 (U+6570)
               not set up for use with LaTeX.

See the LaTeX manual or LaTeX Companion for explanation.
Type  H <return>  for immediate help.
 ...                                              
                                                  
l.31 \subsection*{線形代数の基礎}
                                        
You may provide a definition with
\DeclareUnicodeCharacter 


/Users/ryosuke.umeda/codes/OMSCS/ISYE6669_Deterministic-Optimization/exam/mid_term_prep.tex:31: LaTeX Error: Unicode character の (U+306E)
               not set up for use with LaTeX.

See the LaTeX manual or LaTeX Companion for explanation.
Type  H <return>  for immediate help.
 ...                                              
                                                  
l.31 \subsection*{線形代数の基礎}
                                        
You may provide a definition with
\DeclareUnicodeCharacter 


/Users/ryosuke.umeda/codes/OMSCS/ISYE6669_Deterministic-Optimization/exam/mid_term_prep.tex:31: LaTeX Error: Unicode character 基 (U+57FA)
               not set up for use with LaTeX.

See the LaTeX manual or LaTeX Companion for explanation.
Type  H <return>  for immediate help.
 ...                                              
                                                  
l.31 \subsection*{線形代数の基礎}
                                        
You may provide a definition with
\DeclareUnicodeCharacter 


/Users/ryosuke.umeda/codes/OMSCS/ISYE6669_Deterministic-Optimization/exam/mid_term_prep.tex:31: LaTeX Error: Unicode character 礎 (U+790E)
               not set up for use with LaTeX.

See the LaTeX manual or LaTeX Companion for explanation.
Type  H <return>  for immediate help.
 ...                                              
                                                  
l.31 \subsection*{線形代数の基礎}
                                        
You may provide a definition with
\DeclareUnicodeCharacter 


/Users/ryosuke.umeda/codes/OMSCS/ISYE6669_Deterministic-Optimization/exam/mid_term_prep.tex:33: LaTeX Error: Unicode character 階 (U+968E)
               not set up for use with LaTeX.

See the LaTeX manual or LaTeX Companion for explanation.
Type  H <return>  for immediate help.
 ...                                              
                                                  
l.33 \item \textbf{階数 (Rank)}
                                 : 独立な行/列の最大数
You may provide a definition with
\DeclareUnicodeCharacter 


/Users/ryosuke.umeda/codes/OMSCS/ISYE6669_Deterministic-Optimization/exam/mid_term_prep.tex:33: LaTeX Error: Unicode character 数 (U+6570)
               not set up for use with LaTeX.

See the LaTeX manual or LaTeX Companion for explanation.
Type  H <return>  for immediate help.
 ...                                              
                                                  
l.33 \item \textbf{階数 (Rank)}
                                 : 独立な行/列の最大数
You may provide a definition with
\DeclareUnicodeCharacter 


/Users/ryosuke.umeda/codes/OMSCS/ISYE6669_Deterministic-Optimization/exam/mid_term_prep.tex:33: LaTeX Error: Unicode character 独 (U+72EC)
               not set up for use with LaTeX.

See the LaTeX manual or LaTeX Companion for explanation.
Type  H <return>  for immediate help.
 ...                                              
                                                  
l.33 \item \textbf{階数 (Rank)}: 独
                                      立な行/列の最大数
You may provide a definition with
\DeclareUnicodeCharacter 


/Users/ryosuke.umeda/codes/OMSCS/ISYE6669_Deterministic-Optimization/exam/mid_term_prep.tex:33: LaTeX Error: Unicode character 立 (U+7ACB)
               not set up for use with LaTeX.

See the LaTeX manual or LaTeX Companion for explanation.
Type  H <return>  for immediate help.
 ...                                              
                                                  
l.33 \item \textbf{階数 (Rank)}: 独立
                                         な行/列の最大数
You may provide a definition with
\DeclareUnicodeCharacter 


/Users/ryosuke.umeda/codes/OMSCS/ISYE6669_Deterministic-Optimization/exam/mid_term_prep.tex:33: LaTeX Error: Unicode character な (U+306A)
               not set up for use with LaTeX.

See the LaTeX manual or LaTeX Companion for explanation.
Type  H <return>  for immediate help.
 ...                                              
                                                  
l.33 \item \textbf{階数 (Rank)}: 独立な
                                            行/列の最大数
You may provide a definition with
\DeclareUnicodeCharacter 


/Users/ryosuke.umeda/codes/OMSCS/ISYE6669_Deterministic-Optimization/exam/mid_term_prep.tex:33: LaTeX Error: Unicode character 行 (U+884C)
               not set up for use with LaTeX.

See the LaTeX manual or LaTeX Companion for explanation.
Type  H <return>  for immediate help.
 ...                                              
                                                  
l.33 \item \textbf{階数 (Rank)}: 独立な行
                                               /列の最大数
You may provide a definition with
\DeclareUnicodeCharacter 


/Users/ryosuke.umeda/codes/OMSCS/ISYE6669_Deterministic-Optimization/exam/mid_term_prep.tex:33: LaTeX Error: Unicode character 列 (U+5217)
               not set up for use with LaTeX.

See the LaTeX manual or LaTeX Companion for explanation.
Type  H <return>  for immediate help.
 ...                                              
                                                  
l.33 ...m \textbf{階数 (Rank)}: 独立な行/列
                                                  の最大数
You may provide a definition with
\DeclareUnicodeCharacter 


/Users/ryosuke.umeda/codes/OMSCS/ISYE6669_Deterministic-Optimization/exam/mid_term_prep.tex:33: LaTeX Error: Unicode character の (U+306E)
               not set up for use with LaTeX.

See the LaTeX manual or LaTeX Companion for explanation.
Type  H <return>  for immediate help.
 ...                                              
                                                  
l.33 ...textbf{階数 (Rank)}: 独立な行/列の
                                                  最大数
You may provide a definition with
\DeclareUnicodeCharacter 


/Users/ryosuke.umeda/codes/OMSCS/ISYE6669_Deterministic-Optimization/exam/mid_term_prep.tex:33: LaTeX Error: Unicode character 最 (U+6700)
               not set up for use with LaTeX.

See the LaTeX manual or LaTeX Companion for explanation.
Type  H <return>  for immediate help.
 ...                                              
                                                  
l.33 ...tbf{階数 (Rank)}: 独立な行/列の最
                                                  大数
You may provide a definition with
\DeclareUnicodeCharacter 


/Users/ryosuke.umeda/codes/OMSCS/ISYE6669_Deterministic-Optimization/exam/mid_term_prep.tex:33: LaTeX Error: Unicode character 大 (U+5927)
               not set up for use with LaTeX.

See the LaTeX manual or LaTeX Companion for explanation.
Type  H <return>  for immediate help.
 ...                                              
                                                  
l.33 ...{階数 (Rank)}: 独立な行/列の最大
                                                  数
You may provide a definition with
\DeclareUnicodeCharacter 


/Users/ryosuke.umeda/codes/OMSCS/ISYE6669_Deterministic-Optimization/exam/mid_term_prep.tex:33: LaTeX Error: Unicode character 数 (U+6570)
               not set up for use with LaTeX.

See the LaTeX manual or LaTeX Companion for explanation.
Type  H <return>  for immediate help.
 ...                                              
                                                  
l.33 ...�数 (Rank)}: 独立な行/列の最大数
                                                  
You may provide a definition with
\DeclareUnicodeCharacter 


/Users/ryosuke.umeda/codes/OMSCS/ISYE6669_Deterministic-Optimization/exam/mid_term_prep.tex:34: LaTeX Error: Unicode character 行 (U+884C)
               not set up for use with LaTeX.

See the LaTeX manual or LaTeX Companion for explanation.
Type  H <return>  for immediate help.
 ...                                              
                                                  
l.34 \item \textbf{行列積}
                             : $C = AB$, $c_{ij} = \sum_k a_{ik}b_{kj}$
You may provide a definition with
\DeclareUnicodeCharacter 


/Users/ryosuke.umeda/codes/OMSCS/ISYE6669_Deterministic-Optimization/exam/mid_term_prep.tex:34: LaTeX Error: Unicode character 列 (U+5217)
               not set up for use with LaTeX.

See the LaTeX manual or LaTeX Companion for explanation.
Type  H <return>  for immediate help.
 ...                                              
                                                  
l.34 \item \textbf{行列積}
                             : $C = AB$, $c_{ij} = \sum_k a_{ik}b_{kj}$
You may provide a definition with
\DeclareUnicodeCharacter 


/Users/ryosuke.umeda/codes/OMSCS/ISYE6669_Deterministic-Optimization/exam/mid_term_prep.tex:34: LaTeX Error: Unicode character 積 (U+7A4D)
               not set up for use with LaTeX.

See the LaTeX manual or LaTeX Companion for explanation.
Type  H <return>  for immediate help.
 ...                                              
                                                  
l.34 \item \textbf{行列積}
                             : $C = AB$, $c_{ij} = \sum_k a_{ik}b_{kj}$
You may provide a definition with
\DeclareUnicodeCharacter 


/Users/ryosuke.umeda/codes/OMSCS/ISYE6669_Deterministic-Optimization/exam/mid_term_prep.tex:35: LaTeX Error: Unicode character 逆 (U+9006)
               not set up for use with LaTeX.

See the LaTeX manual or LaTeX Companion for explanation.
Type  H <return>  for immediate help.
 ...                                              
                                                  
l.35 \item \textbf{逆行列}
                             : $AA^{-1} = I$
You may provide a definition with
\DeclareUnicodeCharacter 


/Users/ryosuke.umeda/codes/OMSCS/ISYE6669_Deterministic-Optimization/exam/mid_term_prep.tex:35: LaTeX Error: Unicode character 行 (U+884C)
               not set up for use with LaTeX.

See the LaTeX manual or LaTeX Companion for explanation.
Type  H <return>  for immediate help.
 ...                                              
                                                  
l.35 \item \textbf{逆行列}
                             : $AA^{-1} = I$
You may provide a definition with
\DeclareUnicodeCharacter 


/Users/ryosuke.umeda/codes/OMSCS/ISYE6669_Deterministic-Optimization/exam/mid_term_prep.tex:35: LaTeX Error: Unicode character 列 (U+5217)
               not set up for use with LaTeX.

See the LaTeX manual or LaTeX Companion for explanation.
Type  H <return>  for immediate help.
 ...                                              
                                                  
l.35 \item \textbf{逆行列}
                             : $AA^{-1} = I$
You may provide a definition with
\DeclareUnicodeCharacter 


/Users/ryosuke.umeda/codes/OMSCS/ISYE6669_Deterministic-Optimization/exam/mid_term_prep.tex:36: LaTeX Error: Unicode character 連 (U+9023)
               not set up for use with LaTeX.

See the LaTeX manual or LaTeX Companion for explanation.
Type  H <return>  for immediate help.
 ...                                              
                                                  
l.36 \item \textbf{連立方程式}
                                    $Ax = b$:
You may provide a definition with
\DeclareUnicodeCharacter 


/Users/ryosuke.umeda/codes/OMSCS/ISYE6669_Deterministic-Optimization/exam/mid_term_prep.tex:36: LaTeX Error: Unicode character 立 (U+7ACB)
               not set up for use with LaTeX.

See the LaTeX manual or LaTeX Companion for explanation.
Type  H <return>  for immediate help.
 ...                                              
                                                  
l.36 \item \textbf{連立方程式}
                                    $Ax = b$:
You may provide a definition with
\DeclareUnicodeCharacter 


/Users/ryosuke.umeda/codes/OMSCS/ISYE6669_Deterministic-Optimization/exam/mid_term_prep.tex:36: LaTeX Error: Unicode character 方 (U+65B9)
               not set up for use with LaTeX.

See the LaTeX manual or LaTeX Companion for explanation.
Type  H <return>  for immediate help.
 ...                                              
                                                  
l.36 \item \textbf{連立方程式}
                                    $Ax = b$:
You may provide a definition with
\DeclareUnicodeCharacter 


/Users/ryosuke.umeda/codes/OMSCS/ISYE6669_Deterministic-Optimization/exam/mid_term_prep.tex:36: LaTeX Error: Unicode character 程 (U+7A0B)
               not set up for use with LaTeX.

See the LaTeX manual or LaTeX Companion for explanation.
Type  H <return>  for immediate help.
 ...                                              
                                                  
l.36 \item \textbf{連立方程式}
                                    $Ax = b$:
You may provide a definition with
\DeclareUnicodeCharacter 


/Users/ryosuke.umeda/codes/OMSCS/ISYE6669_Deterministic-Optimization/exam/mid_term_prep.tex:36: LaTeX Error: Unicode character 式 (U+5F0F)
               not set up for use with LaTeX.

See the LaTeX manual or LaTeX Companion for explanation.
Type  H <return>  for immediate help.
 ...                                              
                                                  
l.36 \item \textbf{連立方程式}
                                    $Ax = b$:
You may provide a definition with
\DeclareUnicodeCharacter 


/Users/ryosuke.umeda/codes/OMSCS/ISYE6669_Deterministic-Optimization/exam/mid_term_prep.tex:38: LaTeX Error: Unicode character 一 (U+4E00)
               not set up for use with LaTeX.

See the LaTeX manual or LaTeX Companion for explanation.
Type  H <return>  for immediate help.
 ...                                              
                                                  
l.38 ...= n$, $\text{rank}(A) = n \rightarrow$ 一
                                                  意解
You may provide a definition with
\DeclareUnicodeCharacter 


/Users/ryosuke.umeda/codes/OMSCS/ISYE6669_Deterministic-Optimization/exam/mid_term_prep.tex:38: LaTeX Error: Unicode character 意 (U+610F)
               not set up for use with LaTeX.

See the LaTeX manual or LaTeX Companion for explanation.
Type  H <return>  for immediate help.
 ...                                              
                                                  
l.38 ...$, $\text{rank}(A) = n \rightarrow$ 一意
                                                  解
You may provide a definition with
\DeclareUnicodeCharacter 


/Users/ryosuke.umeda/codes/OMSCS/ISYE6669_Deterministic-Optimization/exam/mid_term_prep.tex:38: LaTeX Error: Unicode character 解 (U+89E3)
               not set up for use with LaTeX.

See the LaTeX manual or LaTeX Companion for explanation.
Type  H <return>  for immediate help.
 ...                                              
                                                  
l.38 ...$\text{rank}(A) = n \rightarrow$ 一意解
                                                  
You may provide a definition with
\DeclareUnicodeCharacter 


/Users/ryosuke.umeda/codes/OMSCS/ISYE6669_Deterministic-Optimization/exam/mid_term_prep.tex:39: LaTeX Error: Unicode character 無 (U+7121)
               not set up for use with LaTeX.

See the LaTeX manual or LaTeX Companion for explanation.
Type  H <return>  for immediate help.
 ...                                              
                                                  
l.39   \item $m < n \rightarrow$ 無
                                    限解
You may provide a definition with
\DeclareUnicodeCharacter 


/Users/ryosuke.umeda/codes/OMSCS/ISYE6669_Deterministic-Optimization/exam/mid_term_prep.tex:39: LaTeX Error: Unicode character 限 (U+9650)
               not set up for use with LaTeX.

See the LaTeX manual or LaTeX Companion for explanation.
Type  H <return>  for immediate help.
 ...                                              
                                                  
l.39   \item $m < n \rightarrow$ 無限
                                       解
You may provide a definition with
\DeclareUnicodeCharacter 


/Users/ryosuke.umeda/codes/OMSCS/ISYE6669_Deterministic-Optimization/exam/mid_term_prep.tex:39: LaTeX Error: Unicode character 解 (U+89E3)
               not set up for use with LaTeX.

See the LaTeX manual or LaTeX Companion for explanation.
Type  H <return>  for immediate help.
 ...                                              
                                                  
l.39   \item $m < n \rightarrow$ 無限解
                                          
You may provide a definition with
\DeclareUnicodeCharacter 


/Users/ryosuke.umeda/codes/OMSCS/ISYE6669_Deterministic-Optimization/exam/mid_term_prep.tex:40: LaTeX Error: Unicode character 解 (U+89E3)
               not set up for use with LaTeX.

See the LaTeX manual or LaTeX Companion for explanation.
Type  H <return>  for immediate help.
 ...                                              
                                                  
l.40 ...}(A) < \text{rank}([A|b]) \rightarrow$ 解
                                                  なし
You may provide a definition with
\DeclareUnicodeCharacter 


/Users/ryosuke.umeda/codes/OMSCS/ISYE6669_Deterministic-Optimization/exam/mid_term_prep.tex:40: LaTeX Error: Unicode character な (U+306A)
               not set up for use with LaTeX.

See the LaTeX manual or LaTeX Companion for explanation.
Type  H <return>  for immediate help.
 ...                                              
                                                  
l.40 ...) < \text{rank}([A|b]) \rightarrow$ 解な
                                                  し
You may provide a definition with
\DeclareUnicodeCharacter 


/Users/ryosuke.umeda/codes/OMSCS/ISYE6669_Deterministic-Optimization/exam/mid_term_prep.tex:40: LaTeX Error: Unicode character し (U+3057)
               not set up for use with LaTeX.

See the LaTeX manual or LaTeX Companion for explanation.
Type  H <return>  for immediate help.
 ...                                              
                                                  
l.40 ... \text{rank}([A|b]) \rightarrow$ 解なし
                                                  
You may provide a definition with
\DeclareUnicodeCharacter 


/Users/ryosuke.umeda/codes/OMSCS/ISYE6669_Deterministic-Optimization/exam/mid_term_prep.tex:44: LaTeX Error: Unicode character 勾 (U+52FE)
               not set up for use with LaTeX.

See the LaTeX manual or LaTeX Companion for explanation.
Type  H <return>  for immediate help.
 ...                                              
                                                  
l.44 \subsection*{勾配とヘシアン}
                                        
You may provide a definition with
\DeclareUnicodeCharacter 


/Users/ryosuke.umeda/codes/OMSCS/ISYE6669_Deterministic-Optimization/exam/mid_term_prep.tex:44: LaTeX Error: Unicode character 配 (U+914D)
               not set up for use with LaTeX.

See the LaTeX manual or LaTeX Companion for explanation.
Type  H <return>  for immediate help.
 ...                                              
                                                  
l.44 \subsection*{勾配とヘシアン}
                                        
You may provide a definition with
\DeclareUnicodeCharacter 


/Users/ryosuke.umeda/codes/OMSCS/ISYE6669_Deterministic-Optimization/exam/mid_term_prep.tex:44: LaTeX Error: Unicode character と (U+3068)
               not set up for use with LaTeX.

See the LaTeX manual or LaTeX Companion for explanation.
Type  H <return>  for immediate help.
 ...                                              
                                                  
l.44 \subsection*{勾配とヘシアン}
                                        
You may provide a definition with
\DeclareUnicodeCharacter 


/Users/ryosuke.umeda/codes/OMSCS/ISYE6669_Deterministic-Optimization/exam/mid_term_prep.tex:44: LaTeX Error: Unicode character ヘ (U+30D8)
               not set up for use with LaTeX.

See the LaTeX manual or LaTeX Companion for explanation.
Type  H <return>  for immediate help.
 ...                                              
                                                  
l.44 \subsection*{勾配とヘシアン}
                                        
You may provide a definition with
\DeclareUnicodeCharacter 


/Users/ryosuke.umeda/codes/OMSCS/ISYE6669_Deterministic-Optimization/exam/mid_term_prep.tex:44: LaTeX Error: Unicode character シ (U+30B7)
               not set up for use with LaTeX.

See the LaTeX manual or LaTeX Companion for explanation.
Type  H <return>  for immediate help.
 ...                                              
                                                  
l.44 \subsection*{勾配とヘシアン}
                                        
You may provide a definition with
\DeclareUnicodeCharacter 


/Users/ryosuke.umeda/codes/OMSCS/ISYE6669_Deterministic-Optimization/exam/mid_term_prep.tex:44: LaTeX Error: Unicode character ア (U+30A2)
               not set up for use with LaTeX.

See the LaTeX manual or LaTeX Companion for explanation.
Type  H <return>  for immediate help.
 ...                                              
                                                  
l.44 \subsection*{勾配とヘシアン}
                                        
You may provide a definition with
\DeclareUnicodeCharacter 


/Users/ryosuke.umeda/codes/OMSCS/ISYE6669_Deterministic-Optimization/exam/mid_term_prep.tex:44: LaTeX Error: Unicode character ン (U+30F3)
               not set up for use with LaTeX.

See the LaTeX manual or LaTeX Companion for explanation.
Type  H <return>  for immediate help.
 ...                                              
                                                  
l.44 \subsection*{勾配とヘシアン}
                                        
You may provide a definition with
\DeclareUnicodeCharacter 


/Users/ryosuke.umeda/codes/OMSCS/ISYE6669_Deterministic-Optimization/exam/mid_term_prep.tex:46: LaTeX Error: Unicode character 勾 (U+52FE)
               not set up for use with LaTeX.

See the LaTeX manual or LaTeX Companion for explanation.
Type  H <return>  for immediate help.
 ...                                              
                                                  
l.46 \item \textbf{勾配}
                          : $\nabla f(x) = \begin{bmatrix} \frac{\partial f}...
You may provide a definition with
\DeclareUnicodeCharacter 


/Users/ryosuke.umeda/codes/OMSCS/ISYE6669_Deterministic-Optimization/exam/mid_term_prep.tex:46: LaTeX Error: Unicode character 配 (U+914D)
               not set up for use with LaTeX.

See the LaTeX manual or LaTeX Companion for explanation.
Type  H <return>  for immediate help.
 ...                                              
                                                  
l.46 \item \textbf{勾配}
                          : $\nabla f(x) = \begin{bmatrix} \frac{\partial f}...
You may provide a definition with
\DeclareUnicodeCharacter 


/Users/ryosuke.umeda/codes/OMSCS/ISYE6669_Deterministic-Optimization/exam/mid_term_prep.tex:47: LaTeX Error: Unicode character ヘ (U+30D8)
               not set up for use with LaTeX.

See the LaTeX manual or LaTeX Companion for explanation.
Type  H <return>  for immediate help.
 ...                                              
                                                  
l.47 \item \textbf{ヘシアン}
                                : $\nabla^2 f(x) = \left[\frac{\partial^2 f}...
You may provide a definition with
\DeclareUnicodeCharacter 


/Users/ryosuke.umeda/codes/OMSCS/ISYE6669_Deterministic-Optimization/exam/mid_term_prep.tex:47: LaTeX Error: Unicode character シ (U+30B7)
               not set up for use with LaTeX.

See the LaTeX manual or LaTeX Companion for explanation.
Type  H <return>  for immediate help.
 ...                                              
                                                  
l.47 \item \textbf{ヘシアン}
                                : $\nabla^2 f(x) = \left[\frac{\partial^2 f}...
You may provide a definition with
\DeclareUnicodeCharacter 


/Users/ryosuke.umeda/codes/OMSCS/ISYE6669_Deterministic-Optimization/exam/mid_term_prep.tex:47: LaTeX Error: Unicode character ア (U+30A2)
               not set up for use with LaTeX.

See the LaTeX manual or LaTeX Companion for explanation.
Type  H <return>  for immediate help.
 ...                                              
                                                  
l.47 \item \textbf{ヘシアン}
                                : $\nabla^2 f(x) = \left[\frac{\partial^2 f}...
You may provide a definition with
\DeclareUnicodeCharacter 


/Users/ryosuke.umeda/codes/OMSCS/ISYE6669_Deterministic-Optimization/exam/mid_term_prep.tex:47: LaTeX Error: Unicode character ン (U+30F3)
               not set up for use with LaTeX.

See the LaTeX manual or LaTeX Companion for explanation.
Type  H <return>  for immediate help.
 ...                                              
                                                  
l.47 \item \textbf{ヘシアン}
                                : $\nabla^2 f(x) = \left[\frac{\partial^2 f}...
You may provide a definition with
\DeclareUnicodeCharacter 


/Users/ryosuke.umeda/codes/OMSCS/ISYE6669_Deterministic-Optimization/exam/mid_term_prep.tex:48: LaTeX Error: Unicode character テ (U+30C6)
               not set up for use with LaTeX.

See the LaTeX manual or LaTeX Companion for explanation.
Type  H <return>  for immediate help.
 ...                                              
                                                  
l.48 \item \textbf{テイラー1次}
                                    : $f(x) \approx f(x_0) + \nabla f(x_0)^T...
You may provide a definition with
\DeclareUnicodeCharacter 


/Users/ryosuke.umeda/codes/OMSCS/ISYE6669_Deterministic-Optimization/exam/mid_term_prep.tex:48: LaTeX Error: Unicode character イ (U+30A4)
               not set up for use with LaTeX.

See the LaTeX manual or LaTeX Companion for explanation.
Type  H <return>  for immediate help.
 ...                                              
                                                  
l.48 \item \textbf{テイラー1次}
                                    : $f(x) \approx f(x_0) + \nabla f(x_0)^T...
You may provide a definition with
\DeclareUnicodeCharacter 


/Users/ryosuke.umeda/codes/OMSCS/ISYE6669_Deterministic-Optimization/exam/mid_term_prep.tex:48: LaTeX Error: Unicode character ラ (U+30E9)
               not set up for use with LaTeX.

See the LaTeX manual or LaTeX Companion for explanation.
Type  H <return>  for immediate help.
 ...                                              
                                                  
l.48 \item \textbf{テイラー1次}
                                    : $f(x) \approx f(x_0) + \nabla f(x_0)^T...
You may provide a definition with
\DeclareUnicodeCharacter 


/Users/ryosuke.umeda/codes/OMSCS/ISYE6669_Deterministic-Optimization/exam/mid_term_prep.tex:48: LaTeX Error: Unicode character ー (U+30FC)
               not set up for use with LaTeX.

See the LaTeX manual or LaTeX Companion for explanation.
Type  H <return>  for immediate help.
 ...                                              
                                                  
l.48 \item \textbf{テイラー1次}
                                    : $f(x) \approx f(x_0) + \nabla f(x_0)^T...
You may provide a definition with
\DeclareUnicodeCharacter 


/Users/ryosuke.umeda/codes/OMSCS/ISYE6669_Deterministic-Optimization/exam/mid_term_prep.tex:48: LaTeX Error: Unicode character 次 (U+6B21)
               not set up for use with LaTeX.

See the LaTeX manual or LaTeX Companion for explanation.
Type  H <return>  for immediate help.
 ...                                              
                                                  
l.48 \item \textbf{テイラー1次}
                                    : $f(x) \approx f(x_0) + \nabla f(x_0)^T...
You may provide a definition with
\DeclareUnicodeCharacter 


/Users/ryosuke.umeda/codes/OMSCS/ISYE6669_Deterministic-Optimization/exam/mid_term_prep.tex:49: LaTeX Error: Unicode character テ (U+30C6)
               not set up for use with LaTeX.

See the LaTeX manual or LaTeX Companion for explanation.
Type  H <return>  for immediate help.
 ...                                              
                                                  
l.49 \item \textbf{テイラー2次}
                                    : $f(x) \approx f(x_0) + \nabla f(x_0)^T...
You may provide a definition with
\DeclareUnicodeCharacter 


/Users/ryosuke.umeda/codes/OMSCS/ISYE6669_Deterministic-Optimization/exam/mid_term_prep.tex:49: LaTeX Error: Unicode character イ (U+30A4)
               not set up for use with LaTeX.

See the LaTeX manual or LaTeX Companion for explanation.
Type  H <return>  for immediate help.
 ...                                              
                                                  
l.49 \item \textbf{テイラー2次}
                                    : $f(x) \approx f(x_0) + \nabla f(x_0)^T...
You may provide a definition with
\DeclareUnicodeCharacter 


/Users/ryosuke.umeda/codes/OMSCS/ISYE6669_Deterministic-Optimization/exam/mid_term_prep.tex:49: LaTeX Error: Unicode character ラ (U+30E9)
               not set up for use with LaTeX.

See the LaTeX manual or LaTeX Companion for explanation.
Type  H <return>  for immediate help.
 ...                                              
                                                  
l.49 \item \textbf{テイラー2次}
                                    : $f(x) \approx f(x_0) + \nabla f(x_0)^T...
You may provide a definition with
\DeclareUnicodeCharacter 


/Users/ryosuke.umeda/codes/OMSCS/ISYE6669_Deterministic-Optimization/exam/mid_term_prep.tex:49: LaTeX Error: Unicode character ー (U+30FC)
               not set up for use with LaTeX.

See the LaTeX manual or LaTeX Companion for explanation.
Type  H <return>  for immediate help.
 ...                                              
                                                  
l.49 \item \textbf{テイラー2次}
                                    : $f(x) \approx f(x_0) + \nabla f(x_0)^T...
You may provide a definition with
\DeclareUnicodeCharacter 


/Users/ryosuke.umeda/codes/OMSCS/ISYE6669_Deterministic-Optimization/exam/mid_term_prep.tex:49: LaTeX Error: Unicode character 次 (U+6B21)
               not set up for use with LaTeX.

See the LaTeX manual or LaTeX Companion for explanation.
Type  H <return>  for immediate help.
 ...                                              
                                                  
l.49 \item \textbf{テイラー2次}
                                    : $f(x) \approx f(x_0) + \nabla f(x_0)^T...
You may provide a definition with
\DeclareUnicodeCharacter 


/Users/ryosuke.umeda/codes/OMSCS/ISYE6669_Deterministic-Optimization/exam/mid_term_prep.tex:52: LaTeX Error: Unicode character 最 (U+6700)
               not set up for use with LaTeX.

See the LaTeX manual or LaTeX Companion for explanation.
Type  H <return>  for immediate help.
 ...                                              
                                                  
l.52 \subsection*{最適性条件}
                                  
You may provide a definition with
\DeclareUnicodeCharacter 


/Users/ryosuke.umeda/codes/OMSCS/ISYE6669_Deterministic-Optimization/exam/mid_term_prep.tex:52: LaTeX Error: Unicode character 適 (U+9069)
               not set up for use with LaTeX.

See the LaTeX manual or LaTeX Companion for explanation.
Type  H <return>  for immediate help.
 ...                                              
                                                  
l.52 \subsection*{最適性条件}
                                  
You may provide a definition with
\DeclareUnicodeCharacter 


/Users/ryosuke.umeda/codes/OMSCS/ISYE6669_Deterministic-Optimization/exam/mid_term_prep.tex:52: LaTeX Error: Unicode character 性 (U+6027)
               not set up for use with LaTeX.

See the LaTeX manual or LaTeX Companion for explanation.
Type  H <return>  for immediate help.
 ...                                              
                                                  
l.52 \subsection*{最適性条件}
                                  
You may provide a definition with
\DeclareUnicodeCharacter 


/Users/ryosuke.umeda/codes/OMSCS/ISYE6669_Deterministic-Optimization/exam/mid_term_prep.tex:52: LaTeX Error: Unicode character 条 (U+6761)
               not set up for use with LaTeX.

See the LaTeX manual or LaTeX Companion for explanation.
Type  H <return>  for immediate help.
 ...                                              
                                                  
l.52 \subsection*{最適性条件}
                                  
You may provide a definition with
\DeclareUnicodeCharacter 


/Users/ryosuke.umeda/codes/OMSCS/ISYE6669_Deterministic-Optimization/exam/mid_term_prep.tex:52: LaTeX Error: Unicode character 件 (U+4EF6)
               not set up for use with LaTeX.

See the LaTeX manual or LaTeX Companion for explanation.
Type  H <return>  for immediate help.
 ...                                              
                                                  
l.52 \subsection*{最適性条件}
                                  
You may provide a definition with
\DeclareUnicodeCharacter 


/Users/ryosuke.umeda/codes/OMSCS/ISYE6669_Deterministic-Optimization/exam/mid_term_prep.tex:54: LaTeX Error: Unicode character 次 (U+6B21)
               not set up for use with LaTeX.

See the LaTeX manual or LaTeX Companion for explanation.
Type  H <return>  for immediate help.
 ...                                              
                                                  
l.54 \item \textbf{1次必要条件}
                                    : $\nabla f(x^*) = 0$
You may provide a definition with
\DeclareUnicodeCharacter 


/Users/ryosuke.umeda/codes/OMSCS/ISYE6669_Deterministic-Optimization/exam/mid_term_prep.tex:54: LaTeX Error: Unicode character 必 (U+5FC5)
               not set up for use with LaTeX.

See the LaTeX manual or LaTeX Companion for explanation.
Type  H <return>  for immediate help.
 ...                                              
                                                  
l.54 \item \textbf{1次必要条件}
                                    : $\nabla f(x^*) = 0$
You may provide a definition with
\DeclareUnicodeCharacter 


/Users/ryosuke.umeda/codes/OMSCS/ISYE6669_Deterministic-Optimization/exam/mid_term_prep.tex:54: LaTeX Error: Unicode character 要 (U+8981)
               not set up for use with LaTeX.

See the LaTeX manual or LaTeX Companion for explanation.
Type  H <return>  for immediate help.
 ...                                              
                                                  
l.54 \item \textbf{1次必要条件}
                                    : $\nabla f(x^*) = 0$
You may provide a definition with
\DeclareUnicodeCharacter 


/Users/ryosuke.umeda/codes/OMSCS/ISYE6669_Deterministic-Optimization/exam/mid_term_prep.tex:54: LaTeX Error: Unicode character 条 (U+6761)
               not set up for use with LaTeX.

See the LaTeX manual or LaTeX Companion for explanation.
Type  H <return>  for immediate help.
 ...                                              
                                                  
l.54 \item \textbf{1次必要条件}
                                    : $\nabla f(x^*) = 0$
You may provide a definition with
\DeclareUnicodeCharacter 


/Users/ryosuke.umeda/codes/OMSCS/ISYE6669_Deterministic-Optimization/exam/mid_term_prep.tex:54: LaTeX Error: Unicode character 件 (U+4EF6)
               not set up for use with LaTeX.

See the LaTeX manual or LaTeX Companion for explanation.
Type  H <return>  for immediate help.
 ...                                              
                                                  
l.54 \item \textbf{1次必要条件}
                                    : $\nabla f(x^*) = 0$
You may provide a definition with
\DeclareUnicodeCharacter 


/Users/ryosuke.umeda/codes/OMSCS/ISYE6669_Deterministic-Optimization/exam/mid_term_prep.tex:55: LaTeX Error: Unicode character 次 (U+6B21)
               not set up for use with LaTeX.

See the LaTeX manual or LaTeX Companion for explanation.
Type  H <return>  for immediate help.
 ...                                              
                                                  
l.55 \item \textbf{2次十分条件}
                                    :
You may provide a definition with
\DeclareUnicodeCharacter 


/Users/ryosuke.umeda/codes/OMSCS/ISYE6669_Deterministic-Optimization/exam/mid_term_prep.tex:55: LaTeX Error: Unicode character 十 (U+5341)
               not set up for use with LaTeX.

See the LaTeX manual or LaTeX Companion for explanation.
Type  H <return>  for immediate help.
 ...                                              
                                                  
l.55 \item \textbf{2次十分条件}
                                    :
You may provide a definition with
\DeclareUnicodeCharacter 


/Users/ryosuke.umeda/codes/OMSCS/ISYE6669_Deterministic-Optimization/exam/mid_term_prep.tex:55: LaTeX Error: Unicode character 分 (U+5206)
               not set up for use with LaTeX.

See the LaTeX manual or LaTeX Companion for explanation.
Type  H <return>  for immediate help.
 ...                                              
                                                  
l.55 \item \textbf{2次十分条件}
                                    :
You may provide a definition with
\DeclareUnicodeCharacter 


/Users/ryosuke.umeda/codes/OMSCS/ISYE6669_Deterministic-Optimization/exam/mid_term_prep.tex:55: LaTeX Error: Unicode character 条 (U+6761)
               not set up for use with LaTeX.

See the LaTeX manual or LaTeX Companion for explanation.
Type  H <return>  for immediate help.
 ...                                              
                                                  
l.55 \item \textbf{2次十分条件}
                                    :
You may provide a definition with
\DeclareUnicodeCharacter 


/Users/ryosuke.umeda/codes/OMSCS/ISYE6669_Deterministic-Optimization/exam/mid_term_prep.tex:55: LaTeX Error: Unicode character 件 (U+4EF6)
               not set up for use with LaTeX.

See the LaTeX manual or LaTeX Companion for explanation.
Type  H <return>  for immediate help.
 ...                                              
                                                  
l.55 \item \textbf{2次十分条件}
                                    :
You may provide a definition with
\DeclareUnicodeCharacter 


/Users/ryosuke.umeda/codes/OMSCS/ISYE6669_Deterministic-Optimization/exam/mid_term_prep.tex:57: LaTeX Error: Unicode character 問 (U+554F)
               not set up for use with LaTeX.

See the LaTeX manual or LaTeX Companion for explanation.
Type  H <return>  for immediate help.
 ...                                              
                                                  
l.57   \item min問
                   題: $\nabla^2 f(x^*)$ が正定値 (PD)
You may provide a definition with
\DeclareUnicodeCharacter 


/Users/ryosuke.umeda/codes/OMSCS/ISYE6669_Deterministic-Optimization/exam/mid_term_prep.tex:57: LaTeX Error: Unicode character 題 (U+984C)
               not set up for use with LaTeX.

See the LaTeX manual or LaTeX Companion for explanation.
Type  H <return>  for immediate help.
 ...                                              
                                                  
l.57   \item min問題
                      : $\nabla^2 f(x^*)$ が正定値 (PD)
You may provide a definition with
\DeclareUnicodeCharacter 


/Users/ryosuke.umeda/codes/OMSCS/ISYE6669_Deterministic-Optimization/exam/mid_term_prep.tex:57: LaTeX Error: Unicode character が (U+304C)
               not set up for use with LaTeX.

See the LaTeX manual or LaTeX Companion for explanation.
Type  H <return>  for immediate help.
 ...                                              
                                                  
l.57   \item min問題: $\nabla^2 f(x^*)$ が
                                             正定値 (PD)
You may provide a definition with
\DeclareUnicodeCharacter 


/Users/ryosuke.umeda/codes/OMSCS/ISYE6669_Deterministic-Optimization/exam/mid_term_prep.tex:57: LaTeX Error: Unicode character 正 (U+6B63)
               not set up for use with LaTeX.

See the LaTeX manual or LaTeX Companion for explanation.
Type  H <return>  for immediate help.
 ...                                              
                                                  
l.57   \item min問題: $\nabla^2 f(x^*)$ が正
                                                定値 (PD)
You may provide a definition with
\DeclareUnicodeCharacter 


/Users/ryosuke.umeda/codes/OMSCS/ISYE6669_Deterministic-Optimization/exam/mid_term_prep.tex:57: LaTeX Error: Unicode character 定 (U+5B9A)
               not set up for use with LaTeX.

See the LaTeX manual or LaTeX Companion for explanation.
Type  H <return>  for immediate help.
 ...                                              
                                                  
l.57 ...tem min問題: $\nabla^2 f(x^*)$ が正定
                                                  値 (PD)
You may provide a definition with
\DeclareUnicodeCharacter 


/Users/ryosuke.umeda/codes/OMSCS/ISYE6669_Deterministic-Optimization/exam/mid_term_prep.tex:57: LaTeX Error: Unicode character 値 (U+5024)
               not set up for use with LaTeX.

See the LaTeX manual or LaTeX Companion for explanation.
Type  H <return>  for immediate help.
 ...                                              
                                                  
l.57 ... min問題: $\nabla^2 f(x^*)$ が正定値
                                                   (PD)
You may provide a definition with
\DeclareUnicodeCharacter 


/Users/ryosuke.umeda/codes/OMSCS/ISYE6669_Deterministic-Optimization/exam/mid_term_prep.tex:58: LaTeX Error: Unicode character 問 (U+554F)
               not set up for use with LaTeX.

See the LaTeX manual or LaTeX Companion for explanation.
Type  H <return>  for immediate help.
 ...                                              
                                                  
l.58   \item max問
                   題: $\nabla^2 f(x^*)$ が負定値 (ND)
You may provide a definition with
\DeclareUnicodeCharacter 


/Users/ryosuke.umeda/codes/OMSCS/ISYE6669_Deterministic-Optimization/exam/mid_term_prep.tex:58: LaTeX Error: Unicode character 題 (U+984C)
               not set up for use with LaTeX.

See the LaTeX manual or LaTeX Companion for explanation.
Type  H <return>  for immediate help.
 ...                                              
                                                  
l.58   \item max問題
                      : $\nabla^2 f(x^*)$ が負定値 (ND)
You may provide a definition with
\DeclareUnicodeCharacter 


/Users/ryosuke.umeda/codes/OMSCS/ISYE6669_Deterministic-Optimization/exam/mid_term_prep.tex:58: LaTeX Error: Unicode character が (U+304C)
               not set up for use with LaTeX.

See the LaTeX manual or LaTeX Companion for explanation.
Type  H <return>  for immediate help.
 ...                                              
                                                  
l.58   \item max問題: $\nabla^2 f(x^*)$ が
                                             負定値 (ND)
You may provide a definition with
\DeclareUnicodeCharacter 


/Users/ryosuke.umeda/codes/OMSCS/ISYE6669_Deterministic-Optimization/exam/mid_term_prep.tex:58: LaTeX Error: Unicode character 負 (U+8CA0)
               not set up for use with LaTeX.

See the LaTeX manual or LaTeX Companion for explanation.
Type  H <return>  for immediate help.
 ...                                              
                                                  
l.58   \item max問題: $\nabla^2 f(x^*)$ が負
                                                定値 (ND)
You may provide a definition with
\DeclareUnicodeCharacter 


/Users/ryosuke.umeda/codes/OMSCS/ISYE6669_Deterministic-Optimization/exam/mid_term_prep.tex:58: LaTeX Error: Unicode character 定 (U+5B9A)
               not set up for use with LaTeX.

See the LaTeX manual or LaTeX Companion for explanation.
Type  H <return>  for immediate help.
 ...                                              
                                                  
l.58 ...tem max問題: $\nabla^2 f(x^*)$ が負定
                                                  値 (ND)
You may provide a definition with
\DeclareUnicodeCharacter 


/Users/ryosuke.umeda/codes/OMSCS/ISYE6669_Deterministic-Optimization/exam/mid_term_prep.tex:58: LaTeX Error: Unicode character 値 (U+5024)
               not set up for use with LaTeX.

See the LaTeX manual or LaTeX Companion for explanation.
Type  H <return>  for immediate help.
 ...                                              
                                                  
l.58 ... max問題: $\nabla^2 f(x^*)$ が負定値
                                                   (ND)
You may provide a definition with
\DeclareUnicodeCharacter 


/Users/ryosuke.umeda/codes/OMSCS/ISYE6669_Deterministic-Optimization/exam/mid_term_prep.tex:64: LaTeX Error: Unicode character 凸 (U+51F8)
               not set up for use with LaTeX.

See the LaTeX manual or LaTeX Companion for explanation.
Type  H <return>  for immediate help.
 ...                                              
                                                  
l.64 \section*{凸性判定フローチャート}
                                                 
You may provide a definition with
\DeclareUnicodeCharacter 


/Users/ryosuke.umeda/codes/OMSCS/ISYE6669_Deterministic-Optimization/exam/mid_term_prep.tex:64: LaTeX Error: Unicode character 性 (U+6027)
               not set up for use with LaTeX.

See the LaTeX manual or LaTeX Companion for explanation.
Type  H <return>  for immediate help.
 ...                                              
                                                  
l.64 \section*{凸性判定フローチャート}
                                                 
You may provide a definition with
\DeclareUnicodeCharacter 


/Users/ryosuke.umeda/codes/OMSCS/ISYE6669_Deterministic-Optimization/exam/mid_term_prep.tex:64: LaTeX Error: Unicode character 判 (U+5224)
               not set up for use with LaTeX.

See the LaTeX manual or LaTeX Companion for explanation.
Type  H <return>  for immediate help.
 ...                                              
                                                  
l.64 \section*{凸性判定フローチャート}
                                                 
You may provide a definition with
\DeclareUnicodeCharacter 


/Users/ryosuke.umeda/codes/OMSCS/ISYE6669_Deterministic-Optimization/exam/mid_term_prep.tex:64: LaTeX Error: Unicode character 定 (U+5B9A)
               not set up for use with LaTeX.

See the LaTeX manual or LaTeX Companion for explanation.
Type  H <return>  for immediate help.
 ...                                              
                                                  
l.64 \section*{凸性判定フローチャート}
                                                 
You may provide a definition with
\DeclareUnicodeCharacter 


/Users/ryosuke.umeda/codes/OMSCS/ISYE6669_Deterministic-Optimization/exam/mid_term_prep.tex:64: LaTeX Error: Unicode character フ (U+30D5)
               not set up for use with LaTeX.

See the LaTeX manual or LaTeX Companion for explanation.
Type  H <return>  for immediate help.
 ...                                              
                                                  
l.64 \section*{凸性判定フローチャート}
                                                 
You may provide a definition with
\DeclareUnicodeCharacter 


/Users/ryosuke.umeda/codes/OMSCS/ISYE6669_Deterministic-Optimization/exam/mid_term_prep.tex:64: LaTeX Error: Unicode character ロ (U+30ED)
               not set up for use with LaTeX.

See the LaTeX manual or LaTeX Companion for explanation.
Type  H <return>  for immediate help.
 ...                                              
                                                  
l.64 \section*{凸性判定フローチャート}
                                                 
You may provide a definition with
\DeclareUnicodeCharacter 


/Users/ryosuke.umeda/codes/OMSCS/ISYE6669_Deterministic-Optimization/exam/mid_term_prep.tex:64: LaTeX Error: Unicode character ー (U+30FC)
               not set up for use with LaTeX.

See the LaTeX manual or LaTeX Companion for explanation.
Type  H <return>  for immediate help.
 ...                                              
                                                  
l.64 \section*{凸性判定フローチャート}
                                                 
You may provide a definition with
\DeclareUnicodeCharacter 


/Users/ryosuke.umeda/codes/OMSCS/ISYE6669_Deterministic-Optimization/exam/mid_term_prep.tex:64: LaTeX Error: Unicode character チ (U+30C1)
               not set up for use with LaTeX.

See the LaTeX manual or LaTeX Companion for explanation.
Type  H <return>  for immediate help.
 ...                                              
                                                  
l.64 \section*{凸性判定フローチャート}
                                                 
You may provide a definition with
\DeclareUnicodeCharacter 


/Users/ryosuke.umeda/codes/OMSCS/ISYE6669_Deterministic-Optimization/exam/mid_term_prep.tex:64: LaTeX Error: Unicode character ャ (U+30E3)
               not set up for use with LaTeX.

See the LaTeX manual or LaTeX Companion for explanation.
Type  H <return>  for immediate help.
 ...                                              
                                                  
l.64 \section*{凸性判定フローチャート}
                                                 
You may provide a definition with
\DeclareUnicodeCharacter 


/Users/ryosuke.umeda/codes/OMSCS/ISYE6669_Deterministic-Optimization/exam/mid_term_prep.tex:64: LaTeX Error: Unicode character ー (U+30FC)
               not set up for use with LaTeX.

See the LaTeX manual or LaTeX Companion for explanation.
Type  H <return>  for immediate help.
 ...                                              
                                                  
l.64 \section*{凸性判定フローチャート}
                                                 
You may provide a definition with
\DeclareUnicodeCharacter 


/Users/ryosuke.umeda/codes/OMSCS/ISYE6669_Deterministic-Optimization/exam/mid_term_prep.tex:64: LaTeX Error: Unicode character ト (U+30C8)
               not set up for use with LaTeX.

See the LaTeX manual or LaTeX Companion for explanation.
Type  H <return>  for immediate help.
 ...                                              
                                                  
l.64 \section*{凸性判定フローチャート}
                                                 
You may provide a definition with
\DeclareUnicodeCharacter 


/Users/ryosuke.umeda/codes/OMSCS/ISYE6669_Deterministic-Optimization/exam/mid_term_prep.tex:66: LaTeX Error: Unicode character 凸 (U+51F8)
               not set up for use with LaTeX.

See the LaTeX manual or LaTeX Companion for explanation.
Type  H <return>  for immediate help.
 ...                                              
                                                  
l.66 \subsection*{凸集合 (Convex Set) 判定}
                                                
You may provide a definition with
\DeclareUnicodeCharacter 


/Users/ryosuke.umeda/codes/OMSCS/ISYE6669_Deterministic-Optimization/exam/mid_term_prep.tex:66: LaTeX Error: Unicode character 集 (U+96C6)
               not set up for use with LaTeX.

See the LaTeX manual or LaTeX Companion for explanation.
Type  H <return>  for immediate help.
 ...                                              
                                                  
l.66 \subsection*{凸集合 (Convex Set) 判定}
                                                
You may provide a definition with
\DeclareUnicodeCharacter 


/Users/ryosuke.umeda/codes/OMSCS/ISYE6669_Deterministic-Optimization/exam/mid_term_prep.tex:66: LaTeX Error: Unicode character 合 (U+5408)
               not set up for use with LaTeX.

See the LaTeX manual or LaTeX Companion for explanation.
Type  H <return>  for immediate help.
 ...                                              
                                                  
l.66 \subsection*{凸集合 (Convex Set) 判定}
                                                
You may provide a definition with
\DeclareUnicodeCharacter 


/Users/ryosuke.umeda/codes/OMSCS/ISYE6669_Deterministic-Optimization/exam/mid_term_prep.tex:66: LaTeX Error: Unicode character 判 (U+5224)
               not set up for use with LaTeX.

See the LaTeX manual or LaTeX Companion for explanation.
Type  H <return>  for immediate help.
 ...                                              
                                                  
l.66 \subsection*{凸集合 (Convex Set) 判定}
                                                
You may provide a definition with
\DeclareUnicodeCharacter 


/Users/ryosuke.umeda/codes/OMSCS/ISYE6669_Deterministic-Optimization/exam/mid_term_prep.tex:66: LaTeX Error: Unicode character 定 (U+5B9A)
               not set up for use with LaTeX.

See the LaTeX manual or LaTeX Companion for explanation.
Type  H <return>  for immediate help.
 ...                                              
                                                  
l.66 \subsection*{凸集合 (Convex Set) 判定}
                                                
You may provide a definition with
\DeclareUnicodeCharacter 


/Users/ryosuke.umeda/codes/OMSCS/ISYE6669_Deterministic-Optimization/exam/mid_term_prep.tex:69: LaTeX Error: Unicode character 集 (U+96C6)
               not set up for use with LaTeX.

See the LaTeX manual or LaTeX Companion for explanation.
Type  H <return>  for immediate help.
 ...                                              
                                                  
l.69 \node (start) [rectangle, draw] {集
                                         合 $S$ は凸か？};
You may provide a definition with
\DeclareUnicodeCharacter 


/Users/ryosuke.umeda/codes/OMSCS/ISYE6669_Deterministic-Optimization/exam/mid_term_prep.tex:69: LaTeX Error: Unicode character 合 (U+5408)
               not set up for use with LaTeX.

See the LaTeX manual or LaTeX Companion for explanation.
Type  H <return>  for immediate help.
 ...                                              
                                                  
l.69 \node (start) [rectangle, draw] {集合
                                             $S$ は凸か？};
You may provide a definition with
\DeclareUnicodeCharacter 


/Users/ryosuke.umeda/codes/OMSCS/ISYE6669_Deterministic-Optimization/exam/mid_term_prep.tex:69: LaTeX Error: Unicode character は (U+306F)
               not set up for use with LaTeX.

See the LaTeX manual or LaTeX Companion for explanation.
Type  H <return>  for immediate help.
 ...                                              
                                                  
l.69 ... (start) [rectangle, draw] {集合 $S$ は
                                                  凸か？};
You may provide a definition with
\DeclareUnicodeCharacter 


/Users/ryosuke.umeda/codes/OMSCS/ISYE6669_Deterministic-Optimization/exam/mid_term_prep.tex:69: LaTeX Error: Unicode character 凸 (U+51F8)
               not set up for use with LaTeX.

See the LaTeX manual or LaTeX Companion for explanation.
Type  H <return>  for immediate help.
 ...                                              
                                                  
l.69 ...tart) [rectangle, draw] {集合 $S$ は凸
                                                  か？};
You may provide a definition with
\DeclareUnicodeCharacter 


/Users/ryosuke.umeda/codes/OMSCS/ISYE6669_Deterministic-Optimization/exam/mid_term_prep.tex:69: LaTeX Error: Unicode character か (U+304B)
               not set up for use with LaTeX.

See the LaTeX manual or LaTeX Companion for explanation.
Type  H <return>  for immediate help.
 ...                                              
                                                  
l.69 ...t) [rectangle, draw] {集合 $S$ は凸か
                                                  ？};
You may provide a definition with
\DeclareUnicodeCharacter 


/Users/ryosuke.umeda/codes/OMSCS/ISYE6669_Deterministic-Optimization/exam/mid_term_prep.tex:69: LaTeX Error: Unicode character ？ (U+FF1F)
               not set up for use with LaTeX.

See the LaTeX manual or LaTeX Companion for explanation.
Type  H <return>  for immediate help.
 ...                                              
                                                  
l.69 ...[rectangle, draw] {集合 $S$ は凸か？
                                                  };
You may provide a definition with
\DeclareUnicodeCharacter 


/Users/ryosuke.umeda/codes/OMSCS/ISYE6669_Deterministic-Optimization/exam/mid_term_prep.tex:70: LaTeX Error: Not allowed in LR mode.

See the LaTeX manual or LaTeX Companion for explanation.
Type  H <return>  for immediate help.
 ...                                              
                                                  
l.70 ...x,y \in S, \forall \lambda \in [0,1]:$ \\ 
                                                  $\lambda x + (1-\lambda)y ...
You've lost some text.  Try typing  <return>  to proceed.
If that doesn't work, type  X <return>  to quit.

/Users/ryosuke.umeda/codes/OMSCS/ISYE6669_Deterministic-Optimization/exam/mid_term_prep.tex:70: Missing } inserted.
<inserted text> 
                }
l.70 ...x,y \in S, \forall \lambda \in [0,1]:$ \\ 
                                                  $\lambda x + (1-\lambda)y ...
I've inserted something that you may have forgotten.
(See the <inserted text> above.)
With luck, this will get me unwedged. But if you
really didn't forget anything, try typing `2' now; then
my insertion and my current dilemma will both disappear.


/Users/ryosuke.umeda/codes/OMSCS/ISYE6669_Deterministic-Optimization/exam/mid_term_prep.tex:70: Package tikz Error: Giving up on this path. Did you forget a semicolon?.

See the tikz package documentation for explanation.
Type  H <return>  for immediate help.
 ...                                              
                                                  
l.70 ...x,y \in S, \forall \lambda \in [0,1]:$ \\ 
                                                  $\lambda x + (1-\lambda)y ...
This error message was generated by an \errmessage
command, so I can't give any explicit help.
Pretend that you're Hercule Poirot: Examine all clues,
and deduce the truth by order and method.

/Users/ryosuke.umeda/codes/OMSCS/ISYE6669_Deterministic-Optimization/exam/mid_term_prep.tex:70: Missing \endgroup inserted.
<inserted text> 
                \endgroup 
l.70 ...x,y \in S, \forall \lambda \in [0,1]:$ \\ 
                                                  $\lambda x + (1-\lambda)y ...
I've inserted something that you may have forgotten.
(See the <inserted text> above.)
With luck, this will get me unwedged. But if you
really didn't forget anything, try typing `2' now; then
my insertion and my current dilemma will both disappear.

/Users/ryosuke.umeda/codes/OMSCS/ISYE6669_Deterministic-Optimization/exam/mid_term_prep.tex:70: Undefined control sequence.
<recently read> \tikz@expand@last@token@ 
                                         
l.70 ...x,y \in S, \forall \lambda \in [0,1]:$ \\ 
                                                  $\lambda x + (1-\lambda)y ...
The control sequence at the end of the top line
of your error message was never \def'ed. If you have
misspelled it (e.g., `\hobx'), type `I' and the correct
spelling (e.g., `I\hbox'). Otherwise just continue,
and I'll forget about whatever was undefined.

/Users/ryosuke.umeda/codes/OMSCS/ISYE6669_Deterministic-Optimization/exam/mid_term_prep.tex:70: Missing number, treated as zero.
<to be read again> 
                   \let 
l.70 ...x,y \in S, \forall \lambda \in [0,1]:$ \\ 
                                                  $\lambda x + (1-\lambda)y ...
A number should have been here; I inserted `0'.
(If you can't figure out why I needed to see a number,
look up `weird error' in the index to The TeXbook.)

/Users/ryosuke.umeda/codes/OMSCS/ISYE6669_Deterministic-Optimization/exam/mid_term_prep.tex:70: Illegal unit of measure (pt inserted).
<to be read again> 
                   \let 
l.70 ...x,y \in S, \forall \lambda \in [0,1]:$ \\ 
                                                  $\lambda x + (1-\lambda)y ...
Dimensions can be in units of em, ex, in, pt, pc,
cm, mm, dd, cc, nd, nc, bp, or sp; but yours is a new one!
I'll assume that you meant to say pt, for printer's points.
To recover gracefully from this error, it's best to
delete the erroneous units; e.g., type `2' to delete
two letters. (See Chapter 27 of The TeXbook.)


/Users/ryosuke.umeda/codes/OMSCS/ISYE6669_Deterministic-Optimization/exam/mid_term_prep.tex:70: LaTeX Error: Unicode character か (U+304B)
               not set up for use with LaTeX.

See the LaTeX manual or LaTeX Companion for explanation.
Type  H <return>  for immediate help.
 ...                                              
                                                  
l.70 ...:$ \\ $\lambda x + (1-\lambda)y \in S$ か
                                                  ？};
You may provide a definition with
\DeclareUnicodeCharacter 


/Users/ryosuke.umeda/codes/OMSCS/ISYE6669_Deterministic-Optimization/exam/mid_term_prep.tex:70: LaTeX Error: Unicode character ？ (U+FF1F)
               not set up for use with LaTeX.

See the LaTeX manual or LaTeX Companion for explanation.
Type  H <return>  for immediate help.
 ...                                              
                                                  
l.70 ...\\ $\lambda x + (1-\lambda)y \in S$ か？
                                                  };
You may provide a definition with
\DeclareUnicodeCharacter 

/Users/ryosuke.umeda/codes/OMSCS/ISYE6669_Deterministic-Optimization/exam/mid_term_prep.tex:70: Extra }, or forgotten \endgroup.
l.70 ...\ $\lambda x + (1-\lambda)y \in S$ か？}
                                                  ;
I've deleted a group-closing symbol because it seems to be
spurious, as in `$x}$'. But perhaps the } is legitimate and
you forgot something else, as in `\hbox{$x}'. In such cases
the way to recover is to insert both the forgotten and the
deleted material, e.g., by typing `I$}'.

Missing character: There is no ; in font nullfont!

/Users/ryosuke.umeda/codes/OMSCS/ISYE6669_Deterministic-Optimization/exam/mid_term_prep.tex:71: LaTeX Error: Unicode character 凸 (U+51F8)
               not set up for use with LaTeX.

See the LaTeX manual or LaTeX Companion for explanation.
Type  H <return>  for immediate help.
 ...                                              
                                                  
l.71 ...below left of=test] {YES $\rightarrow$ 凸
                                                  集合};
You may provide a definition with
\DeclareUnicodeCharacter 


/Users/ryosuke.umeda/codes/OMSCS/ISYE6669_Deterministic-Optimization/exam/mid_term_prep.tex:71: LaTeX Error: Unicode character 集 (U+96C6)
               not set up for use with LaTeX.

See the LaTeX manual or LaTeX Companion for explanation.
Type  H <return>  for immediate help.
 ...                                              
                                                  
l.71 ...ow left of=test] {YES $\rightarrow$ 凸集
                                                  合};
You may provide a definition with
\DeclareUnicodeCharacter 


/Users/ryosuke.umeda/codes/OMSCS/ISYE6669_Deterministic-Optimization/exam/mid_term_prep.tex:71: LaTeX Error: Unicode character 合 (U+5408)
               not set up for use with LaTeX.

See the LaTeX manual or LaTeX Companion for explanation.
Type  H <return>  for immediate help.
 ...                                              
                                                  
l.71 ...left of=test] {YES $\rightarrow$ 凸集合
                                                  };
You may provide a definition with
\DeclareUnicodeCharacter 


/Users/ryosuke.umeda/codes/OMSCS/ISYE6669_Deterministic-Optimization/exam/mid_term_prep.tex:72: LaTeX Error: Unicode character 非 (U+975E)
               not set up for use with LaTeX.

See the LaTeX manual or LaTeX Companion for explanation.
Type  H <return>  for immediate help.
 ...                                              
                                                  
l.72 ...below right of=test] {NO $\rightarrow$ 非
                                                  凸集合};
You may provide a definition with
\DeclareUnicodeCharacter 


/Users/ryosuke.umeda/codes/OMSCS/ISYE6669_Deterministic-Optimization/exam/mid_term_prep.tex:72: LaTeX Error: Unicode character 凸 (U+51F8)
               not set up for use with LaTeX.

See the LaTeX manual or LaTeX Companion for explanation.
Type  H <return>  for immediate help.
 ...                                              
                                                  
l.72 ...ow right of=test] {NO $\rightarrow$ 非凸
                                                  集合};
You may provide a definition with
\DeclareUnicodeCharacter 


/Users/ryosuke.umeda/codes/OMSCS/ISYE6669_Deterministic-Optimization/exam/mid_term_prep.tex:72: LaTeX Error: Unicode character 集 (U+96C6)
               not set up for use with LaTeX.

See the LaTeX manual or LaTeX Companion for explanation.
Type  H <return>  for immediate help.
 ...                                              
                                                  
l.72 ...right of=test] {NO $\rightarrow$ 非凸集
                                                  合};
You may provide a definition with
\DeclareUnicodeCharacter 


/Users/ryosuke.umeda/codes/OMSCS/ISYE6669_Deterministic-Optimization/exam/mid_term_prep.tex:72: LaTeX Error: Unicode character 合 (U+5408)
               not set up for use with LaTeX.

See the LaTeX manual or LaTeX Companion for explanation.
Type  H <return>  for immediate help.
 ...                                              
                                                  
l.72 ...ht of=test] {NO $\rightarrow$ 非凸集合
                                                  };
You may provide a definition with
\DeclareUnicodeCharacter 


/Users/ryosuke.umeda/codes/OMSCS/ISYE6669_Deterministic-Optimization/exam/mid_term_prep.tex:74: Package pgfkeys Error: I do not know the key '/tikz/arrow' and I am going to ignore it. Perhaps you misspelled it.

See the pgfkeys package documentation for explanation.
Type  H <return>  for immediate help.
 ...                                              
                                                  
l.74 \draw [arrow]
                   (start) -- (test);
(That was another \errmessage.)


/Users/ryosuke.umeda/codes/OMSCS/ISYE6669_Deterministic-Optimization/exam/mid_term_prep.tex:75: Package pgfkeys Error: I do not know the key '/tikz/arrow' and I am going to ignore it. Perhaps you misspelled it.

See the pgfkeys package documentation for explanation.
Type  H <return>  for immediate help.
 ...                                              
                                                  
l.75 \draw [arrow]
                   (test) -- (yes);
(That was another \errmessage.)


/Users/ryosuke.umeda/codes/OMSCS/ISYE6669_Deterministic-Optimization/exam/mid_term_prep.tex:76: Package pgfkeys Error: I do not know the key '/tikz/arrow' and I am going to ignore it. Perhaps you misspelled it.

See the pgfkeys package documentation for explanation.
Type  H <return>  for immediate help.
 ...                                              
                                                  
l.76 \draw [arrow]
                   (test) -- (no);
(That was another \errmessage.)

/Users/ryosuke.umeda/codes/OMSCS/ISYE6669_Deterministic-Optimization/exam/mid_term_prep.tex:77: Undefined control sequence.
\pgfsys@call@end ->\pgfsys@end@save 
                                    \pgfsys@endscope 
l.77 \end{tikzpicture}
                      
The control sequence at the end of the top line
of your error message was never \def'ed. If you have
misspelled it (e.g., `\hobx'), type `I' and the correct
spelling (e.g., `I\hbox'). Otherwise just continue,
and I'll forget about whatever was undefined.

/Users/ryosuke.umeda/codes/OMSCS/ISYE6669_Deterministic-Optimization/exam/mid_term_prep.tex:77: Undefined control sequence.
\endpgfscope ...pgflinewidth =\pgfscope@linewidth 
                                                  \global \let \pgf@strokeco...
l.77 \end{tikzpicture}
                      
The control sequence at the end of the top line
of your error message was never \def'ed. If you have
misspelled it (e.g., `\hobx'), type `I' and the correct
spelling (e.g., `I\hbox'). Otherwise just continue,
and I'll forget about whatever was undefined.

/Users/ryosuke.umeda/codes/OMSCS/ISYE6669_Deterministic-Optimization/exam/mid_term_prep.tex:77: Missing number, treated as zero.
<to be read again> 
                   \global 
l.77 \end{tikzpicture}
                      
A number should have been here; I inserted `0'.
(If you can't figure out why I needed to see a number,
look up `weird error' in the index to The TeXbook.)

/Users/ryosuke.umeda/codes/OMSCS/ISYE6669_Deterministic-Optimization/exam/mid_term_prep.tex:77: Illegal unit of measure (pt inserted).
<to be read again> 
                   \global 
l.77 \end{tikzpicture}
                      
Dimensions can be in units of em, ex, in, pt, pc,
cm, mm, dd, cc, nd, nc, bp, or sp; but yours is a new one!
I'll assume that you meant to say pt, for printer's points.
To recover gracefully from this error, it's best to
delete the erroneous units; e.g., type `2' to delete
two letters. (See Chapter 27 of The TeXbook.)

/Users/ryosuke.umeda/codes/OMSCS/ISYE6669_Deterministic-Optimization/exam/mid_term_prep.tex:77: Missing } inserted.
<inserted text> 
                }
l.77 \end{tikzpicture}
                      
I've inserted something that you may have forgotten.
(See the <inserted text> above.)
With luck, this will get me unwedged. But if you
really didn't forget anything, try typing `2' now; then
my insertion and my current dilemma will both disappear.


Overfull \hbox (69.90742pt too wide) detected at line 77
[] []  [] $\OML/cmm/m/it/10 ^^Ux \OT1/cmr/m/n/10 + (1 \OMS/cmsy/m/n/10 ^^@ \OML/cmm/m/it/10 ^^U\OT1/cmr/m/n/10 )\OML/cmm/m/it/10 y \OMS/cmsy/m/n/10 2 \OML/cmm/m/it/10 S$   []  []      [][][]      [][][]      [][][]  [][]
 []

/Users/ryosuke.umeda/codes/OMSCS/ISYE6669_Deterministic-Optimization/exam/mid_term_prep.tex:77: Extra }, or forgotten \endgroup.
\endpgfpicture ...globally \endgroup \hss \egroup 
                                                  \pgf@restore@layerlist@fro...
l.77 \end{tikzpicture}
                      
I've deleted a group-closing symbol because it seems to be
spurious, as in `$x}$'. But perhaps the } is legitimate and
you forgot something else, as in `\hbox{$x}'. In such cases
the way to recover is to insert both the forgotten and the
deleted material, e.g., by typing `I$}'.

/Users/ryosuke.umeda/codes/OMSCS/ISYE6669_Deterministic-Optimization/exam/mid_term_prep.tex:77: Missing } inserted.
<inserted text> 
                }
l.77 \end{tikzpicture}
                      
I've inserted something that you may have forgotten.
(See the <inserted text> above.)
With luck, this will get me unwedged. But if you
really didn't forget anything, try typing `2' now; then
my insertion and my current dilemma will both disappear.

/Users/ryosuke.umeda/codes/OMSCS/ISYE6669_Deterministic-Optimization/exam/mid_term_prep.tex:77: Extra }, or forgotten \endgroup.
\endpgfpicture ...dpicture \endgroup \hss \egroup 
                                                  \pgfsys@typesetpicturebox ...
l.77 \end{tikzpicture}
                      
I've deleted a group-closing symbol because it seems to be
spurious, as in `$x}$'. But perhaps the } is legitimate and
you forgot something else, as in `\hbox{$x}'. In such cases
the way to recover is to insert both the forgotten and the
deleted material, e.g., by typing `I$}'.


/Users/ryosuke.umeda/codes/OMSCS/ISYE6669_Deterministic-Optimization/exam/mid_term_prep.tex:77: LaTeX Error: \begin{center} on input line 67 ended by \end{tikzpicture}.

See the LaTeX manual or LaTeX Companion for explanation.
Type  H <return>  for immediate help.
 ...                                              
                                                  
l.77 \end{tikzpicture}
                      
Your command was ignored.
Type  I <command> <return>  to replace it with another command,
or  <return>  to continue without it.

/Users/ryosuke.umeda/codes/OMSCS/ISYE6669_Deterministic-Optimization/exam/mid_term_prep.tex:78: Infinite glue shrinkage found in a paragraph.
<argument> ...hskip:D \c_zero_dim \fi: \tex_par:D 
                                                  \hook_use:n {para/after}\@...
l.78 \end{center}
                 
The paragraph just ended includes some glue that has
infinite shrinkability, e.g., `\hskip 0pt minus 1fil'.
Such glue doesn't belong there---it allows a paragraph
of any length to fit on one line. But it's safe to proceed,
since the offensive shrinkability has been made finite.


/Users/ryosuke.umeda/codes/OMSCS/ISYE6669_Deterministic-Optimization/exam/mid_term_prep.tex:78: LaTeX Error: \begin{multicols} on input line 19 ended by \end{center}.

See the LaTeX manual or LaTeX Companion for explanation.
Type  H <return>  for immediate help.
 ...                                              
                                                  
l.78 \end{center}
                 
Your command was ignored.
Type  I <command> <return>  to replace it with another command,
or  <return>  to continue without it.


/Users/ryosuke.umeda/codes/OMSCS/ISYE6669_Deterministic-Optimization/exam/mid_term_prep.tex:80: LaTeX Error: Unicode character 凸 (U+51F8)
               not set up for use with LaTeX.

See the LaTeX manual or LaTeX Companion for explanation.
Type  H <return>  for immediate help.
 ...                                              
                                                  
l.80 \textbf{凸集合の例}
                             :
You may provide a definition with
\DeclareUnicodeCharacter 


/Users/ryosuke.umeda/codes/OMSCS/ISYE6669_Deterministic-Optimization/exam/mid_term_prep.tex:80: LaTeX Error: Unicode character 集 (U+96C6)
               not set up for use with LaTeX.

See the LaTeX manual or LaTeX Companion for explanation.
Type  H <return>  for immediate help.
 ...                                              
                                                  
l.80 \textbf{凸集合の例}
                             :
You may provide a definition with
\DeclareUnicodeCharacter 


/Users/ryosuke.umeda/codes/OMSCS/ISYE6669_Deterministic-Optimization/exam/mid_term_prep.tex:80: LaTeX Error: Unicode character 合 (U+5408)
               not set up for use with LaTeX.

See the LaTeX manual or LaTeX Companion for explanation.
Type  H <return>  for immediate help.
 ...                                              
                                                  
l.80 \textbf{凸集合の例}
                             :
You may provide a definition with
\DeclareUnicodeCharacter 


/Users/ryosuke.umeda/codes/OMSCS/ISYE6669_Deterministic-Optimization/exam/mid_term_prep.tex:80: LaTeX Error: Unicode character の (U+306E)
               not set up for use with LaTeX.

See the LaTeX manual or LaTeX Companion for explanation.
Type  H <return>  for immediate help.
 ...                                              
                                                  
l.80 \textbf{凸集合の例}
                             :
You may provide a definition with
\DeclareUnicodeCharacter 


/Users/ryosuke.umeda/codes/OMSCS/ISYE6669_Deterministic-Optimization/exam/mid_term_prep.tex:80: LaTeX Error: Unicode character 例 (U+4F8B)
               not set up for use with LaTeX.

See the LaTeX manual or LaTeX Companion for explanation.
Type  H <return>  for immediate help.
 ...                                              
                                                  
l.80 \textbf{凸集合の例}
                             :
You may provide a definition with
\DeclareUnicodeCharacter 


/Users/ryosuke.umeda/codes/OMSCS/ISYE6669_Deterministic-Optimization/exam/mid_term_prep.tex:82: LaTeX Error: Unicode character 超 (U+8D85)
               not set up for use with LaTeX.

See the LaTeX manual or LaTeX Companion for explanation.
Type  H <return>  for immediate help.
 ...                                              
                                                  
l.82 \item 超
              平面: $\{x | a^T x = b\}$
You may provide a definition with
\DeclareUnicodeCharacter 


/Users/ryosuke.umeda/codes/OMSCS/ISYE6669_Deterministic-Optimization/exam/mid_term_prep.tex:82: LaTeX Error: Unicode character 平 (U+5E73)
               not set up for use with LaTeX.

See the LaTeX manual or LaTeX Companion for explanation.
Type  H <return>  for immediate help.
 ...                                              
                                                  
l.82 \item 超平
                 面: $\{x | a^T x = b\}$
You may provide a definition with
\DeclareUnicodeCharacter 


/Users/ryosuke.umeda/codes/OMSCS/ISYE6669_Deterministic-Optimization/exam/mid_term_prep.tex:82: LaTeX Error: Unicode character 面 (U+9762)
               not set up for use with LaTeX.

See the LaTeX manual or LaTeX Companion for explanation.
Type  H <return>  for immediate help.
 ...                                              
                                                  
l.82 \item 超平面
                    : $\{x | a^T x = b\}$
You may provide a definition with
\DeclareUnicodeCharacter 


/Users/ryosuke.umeda/codes/OMSCS/ISYE6669_Deterministic-Optimization/exam/mid_term_prep.tex:83: LaTeX Error: Unicode character 半 (U+534A)
               not set up for use with LaTeX.

See the LaTeX manual or LaTeX Companion for explanation.
Type  H <return>  for immediate help.
 ...                                              
                                                  
l.83 \item 半
              空間: $\{x | a^T x \leq b\}$
You may provide a definition with
\DeclareUnicodeCharacter 


/Users/ryosuke.umeda/codes/OMSCS/ISYE6669_Deterministic-Optimization/exam/mid_term_prep.tex:83: LaTeX Error: Unicode character 空 (U+7A7A)
               not set up for use with LaTeX.

See the LaTeX manual or LaTeX Companion for explanation.
Type  H <return>  for immediate help.
 ...                                              
                                                  
l.83 \item 半空
                 間: $\{x | a^T x \leq b\}$
You may provide a definition with
\DeclareUnicodeCharacter 


/Users/ryosuke.umeda/codes/OMSCS/ISYE6669_Deterministic-Optimization/exam/mid_term_prep.tex:83: LaTeX Error: Unicode character 間 (U+9593)
               not set up for use with LaTeX.

See the LaTeX manual or LaTeX Companion for explanation.
Type  H <return>  for immediate help.
 ...                                              
                                                  
l.83 \item 半空間
                    : $\{x | a^T x \leq b\}$
You may provide a definition with
\DeclareUnicodeCharacter 


/Users/ryosuke.umeda/codes/OMSCS/ISYE6669_Deterministic-Optimization/exam/mid_term_prep.tex:84: LaTeX Error: Unicode character ボ (U+30DC)
               not set up for use with LaTeX.

See the LaTeX manual or LaTeX Companion for explanation.
Type  H <return>  for immediate help.
 ...                                              
                                                  
l.84 \item ボ
              ール: $\{x | \|x - c\| \leq r\}$
You may provide a definition with
\DeclareUnicodeCharacter 


/Users/ryosuke.umeda/codes/OMSCS/ISYE6669_Deterministic-Optimization/exam/mid_term_prep.tex:84: LaTeX Error: Unicode character ー (U+30FC)
               not set up for use with LaTeX.

See the LaTeX manual or LaTeX Companion for explanation.
Type  H <return>  for immediate help.
 ...                                              
                                                  
l.84 \item ボー
                 ル: $\{x | \|x - c\| \leq r\}$
You may provide a definition with
\DeclareUnicodeCharacter 


/Users/ryosuke.umeda/codes/OMSCS/ISYE6669_Deterministic-Optimization/exam/mid_term_prep.tex:84: LaTeX Error: Unicode character ル (U+30EB)
               not set up for use with LaTeX.

See the LaTeX manual or LaTeX Companion for explanation.
Type  H <return>  for immediate help.
 ...                                              
                                                  
l.84 \item ボール
                    : $\{x | \|x - c\| \leq r\}$
You may provide a definition with
\DeclareUnicodeCharacter 


/Users/ryosuke.umeda/codes/OMSCS/ISYE6669_Deterministic-Optimization/exam/mid_term_prep.tex:85: LaTeX Error: Unicode character 多 (U+591A)
               not set up for use with LaTeX.

See the LaTeX manual or LaTeX Companion for explanation.
Type  H <return>  for immediate help.
 ...                                              
                                                  
l.85 \item 多
              面体: $Ax \leq b$
You may provide a definition with
\DeclareUnicodeCharacter 


/Users/ryosuke.umeda/codes/OMSCS/ISYE6669_Deterministic-Optimization/exam/mid_term_prep.tex:85: LaTeX Error: Unicode character 面 (U+9762)
               not set up for use with LaTeX.

See the LaTeX manual or LaTeX Companion for explanation.
Type  H <return>  for immediate help.
 ...                                              
                                                  
l.85 \item 多面
                 体: $Ax \leq b$
You may provide a definition with
\DeclareUnicodeCharacter 


/Users/ryosuke.umeda/codes/OMSCS/ISYE6669_Deterministic-Optimization/exam/mid_term_prep.tex:85: LaTeX Error: Unicode character 体 (U+4F53)
               not set up for use with LaTeX.

See the LaTeX manual or LaTeX Companion for explanation.
Type  H <return>  for immediate help.
 ...                                              
                                                  
l.85 \item 多面体
                    : $Ax \leq b$
You may provide a definition with
\DeclareUnicodeCharacter 


/Users/ryosuke.umeda/codes/OMSCS/ISYE6669_Deterministic-Optimization/exam/mid_term_prep.tex:88: LaTeX Error: Unicode character 凸 (U+51F8)
               not set up for use with LaTeX.

See the LaTeX manual or LaTeX Companion for explanation.
Type  H <return>  for immediate help.
 ...                                              
                                                  
l.88 ...ction*{凸関数 (Convex Function) 判定}
                                                  
You may provide a definition with
\DeclareUnicodeCharacter 


/Users/ryosuke.umeda/codes/OMSCS/ISYE6669_Deterministic-Optimization/exam/mid_term_prep.tex:88: LaTeX Error: Unicode character 関 (U+95A2)
               not set up for use with LaTeX.

See the LaTeX manual or LaTeX Companion for explanation.
Type  H <return>  for immediate help.
 ...                                              
                                                  
l.88 ...ction*{凸関数 (Convex Function) 判定}
                                                  
You may provide a definition with
\DeclareUnicodeCharacter 


/Users/ryosuke.umeda/codes/OMSCS/ISYE6669_Deterministic-Optimization/exam/mid_term_prep.tex:88: LaTeX Error: Unicode character 数 (U+6570)
               not set up for use with LaTeX.

See the LaTeX manual or LaTeX Companion for explanation.
Type  H <return>  for immediate help.
 ...                                              
                                                  
l.88 ...ction*{凸関数 (Convex Function) 判定}
                                                  
You may provide a definition with
\DeclareUnicodeCharacter 


/Users/ryosuke.umeda/codes/OMSCS/ISYE6669_Deterministic-Optimization/exam/mid_term_prep.tex:88: LaTeX Error: Unicode character 判 (U+5224)
               not set up for use with LaTeX.

See the LaTeX manual or LaTeX Companion for explanation.
Type  H <return>  for immediate help.
 ...                                              
                                                  
l.88 ...ction*{凸関数 (Convex Function) 判定}
                                                  
You may provide a definition with
\DeclareUnicodeCharacter 


/Users/ryosuke.umeda/codes/OMSCS/ISYE6669_Deterministic-Optimization/exam/mid_term_prep.tex:88: LaTeX Error: Unicode character 定 (U+5B9A)
               not set up for use with LaTeX.

See the LaTeX manual or LaTeX Companion for explanation.
Type  H <return>  for immediate help.
 ...                                              
                                                  
l.88 ...ction*{凸関数 (Convex Function) 判定}
                                                  
You may provide a definition with
\DeclareUnicodeCharacter 


/Users/ryosuke.umeda/codes/OMSCS/ISYE6669_Deterministic-Optimization/exam/mid_term_prep.tex:91: LaTeX Error: Unicode character 関 (U+95A2)
               not set up for use with LaTeX.

See the LaTeX manual or LaTeX Companion for explanation.
Type  H <return>  for immediate help.
 ...                                              
                                                  
l.91 \node (start) [rectangle, draw] {関
                                         数 $f(x)$ は凸か？};
You may provide a definition with
\DeclareUnicodeCharacter 


/Users/ryosuke.umeda/codes/OMSCS/ISYE6669_Deterministic-Optimization/exam/mid_term_prep.tex:91: LaTeX Error: Unicode character 数 (U+6570)
               not set up for use with LaTeX.

See the LaTeX manual or LaTeX Companion for explanation.
Type  H <return>  for immediate help.
 ...                                              
                                                  
l.91 \node (start) [rectangle, draw] {関数
                                             $f(x)$ は凸か？};
You may provide a definition with
\DeclareUnicodeCharacter 


/Users/ryosuke.umeda/codes/OMSCS/ISYE6669_Deterministic-Optimization/exam/mid_term_prep.tex:91: LaTeX Error: Unicode character は (U+306F)
               not set up for use with LaTeX.

See the LaTeX manual or LaTeX Companion for explanation.
Type  H <return>  for immediate help.
 ...                                              
                                                  
l.91 ...tart) [rectangle, draw] {関数 $f(x)$ は
                                                  凸か？};
You may provide a definition with
\DeclareUnicodeCharacter 


/Users/ryosuke.umeda/codes/OMSCS/ISYE6669_Deterministic-Optimization/exam/mid_term_prep.tex:91: LaTeX Error: Unicode character 凸 (U+51F8)
               not set up for use with LaTeX.

See the LaTeX manual or LaTeX Companion for explanation.
Type  H <return>  for immediate help.
 ...                                              
                                                  
l.91 ...t) [rectangle, draw] {関数 $f(x)$ は凸
                                                  か？};
You may provide a definition with
\DeclareUnicodeCharacter 


/Users/ryosuke.umeda/codes/OMSCS/ISYE6669_Deterministic-Optimization/exam/mid_term_prep.tex:91: LaTeX Error: Unicode character か (U+304B)
               not set up for use with LaTeX.

See the LaTeX manual or LaTeX Companion for explanation.
Type  H <return>  for immediate help.
 ...                                              
                                                  
l.91 ...[rectangle, draw] {関数 $f(x)$ は凸か
                                                  ？};
You may provide a definition with
\DeclareUnicodeCharacter 


/Users/ryosuke.umeda/codes/OMSCS/ISYE6669_Deterministic-Optimization/exam/mid_term_prep.tex:91: LaTeX Error: Unicode character ？ (U+FF1F)
               not set up for use with LaTeX.

See the LaTeX manual or LaTeX Companion for explanation.
Type  H <return>  for immediate help.
 ...                                              
                                                  
l.91 ...ctangle, draw] {関数 $f(x)$ は凸か？
                                                  };
You may provide a definition with
\DeclareUnicodeCharacter 


/Users/ryosuke.umeda/codes/OMSCS/ISYE6669_Deterministic-Optimization/exam/mid_term_prep.tex:92: LaTeX Error: Unicode character 【 (U+3010)
               not set up for use with LaTeX.

See the LaTeX manual or LaTeX Companion for explanation.
Type  H <return>  for immediate help.
 ...                                              
                                                  
l.92 ...draw, below of=start, text width=4cm] {【
                                                  定義】$\forall x,y, \fo...
You may provide a definition with
\DeclareUnicodeCharacter 


/Users/ryosuke.umeda/codes/OMSCS/ISYE6669_Deterministic-Optimization/exam/mid_term_prep.tex:92: LaTeX Error: Unicode character 定 (U+5B9A)
               not set up for use with LaTeX.

See the LaTeX manual or LaTeX Companion for explanation.
Type  H <return>  for immediate help.
 ...                                              
                                                  
l.92 ...w, below of=start, text width=4cm] {【定
                                                  義】$\forall x,y, \foral...
You may provide a definition with
\DeclareUnicodeCharacter 


/Users/ryosuke.umeda/codes/OMSCS/ISYE6669_Deterministic-Optimization/exam/mid_term_prep.tex:92: LaTeX Error: Unicode character 義 (U+7FA9)
               not set up for use with LaTeX.

See the LaTeX manual or LaTeX Companion for explanation.
Type  H <return>  for immediate help.
 ...                                              
                                                  
l.92 ...below of=start, text width=4cm] {【定義
                                                  】$\forall x,y, \forall \...
You may provide a definition with
\DeclareUnicodeCharacter 


/Users/ryosuke.umeda/codes/OMSCS/ISYE6669_Deterministic-Optimization/exam/mid_term_prep.tex:92: LaTeX Error: Unicode character 】 (U+3011)
               not set up for use with LaTeX.

See the LaTeX manual or LaTeX Companion for explanation.
Type  H <return>  for immediate help.
 ...                                              
                                                  
l.92 ...ow of=start, text width=4cm] {【定義】
                                                  $\forall x,y, \forall \lam...
You may provide a definition with
\DeclareUnicodeCharacter 


/Users/ryosuke.umeda/codes/OMSCS/ISYE6669_Deterministic-Optimization/exam/mid_term_prep.tex:93: LaTeX Error: Unicode character 【 (U+3010)
               not set up for use with LaTeX.

See the LaTeX manual or LaTeX Companion for explanation.
Type  H <return>  for immediate help.
 ...                                              
                                                  
l.93 ..., draw, below of=def, text width=4cm] {【
                                                  1次条件】$\forall x,y:...
You may provide a definition with
\DeclareUnicodeCharacter 


/Users/ryosuke.umeda/codes/OMSCS/ISYE6669_Deterministic-Optimization/exam/mid_term_prep.tex:93: LaTeX Error: Unicode character 次 (U+6B21)
               not set up for use with LaTeX.

See the LaTeX manual or LaTeX Companion for explanation.
Type  H <return>  for immediate help.
 ...                                              
                                                  
l.93 ...aw, below of=def, text width=4cm] {【1次
                                                  条件】$\forall x,y:$ \\...
You may provide a definition with
\DeclareUnicodeCharacter 


/Users/ryosuke.umeda/codes/OMSCS/ISYE6669_Deterministic-Optimization/exam/mid_term_prep.tex:93: LaTeX Error: Unicode character 条 (U+6761)
               not set up for use with LaTeX.

See the LaTeX manual or LaTeX Companion for explanation.
Type  H <return>  for immediate help.
 ...                                              
                                                  
l.93 ... below of=def, text width=4cm] {【1次条
                                                  件】$\forall x,y:$ \\ $f...
You may provide a definition with
\DeclareUnicodeCharacter 


/Users/ryosuke.umeda/codes/OMSCS/ISYE6669_Deterministic-Optimization/exam/mid_term_prep.tex:93: LaTeX Error: Unicode character 件 (U+4EF6)
               not set up for use with LaTeX.

See the LaTeX manual or LaTeX Companion for explanation.
Type  H <return>  for immediate help.
 ...                                              
                                                  
l.93 ...low of=def, text width=4cm] {【1次条件
                                                  】$\forall x,y:$ \\ $f(y)...
You may provide a definition with
\DeclareUnicodeCharacter 


/Users/ryosuke.umeda/codes/OMSCS/ISYE6669_Deterministic-Optimization/exam/mid_term_prep.tex:93: LaTeX Error: Unicode character 】 (U+3011)
               not set up for use with LaTeX.

See the LaTeX manual or LaTeX Companion for explanation.
Type  H <return>  for immediate help.
 ...                                              
                                                  
l.93 ... of=def, text width=4cm] {【1次条件】
                                                  $\forall x,y:$ \\ $f(y) \g...
You may provide a definition with
\DeclareUnicodeCharacter 


/Users/ryosuke.umeda/codes/OMSCS/ISYE6669_Deterministic-Optimization/exam/mid_term_prep.tex:94: LaTeX Error: Unicode character 【 (U+3010)
               not set up for use with LaTeX.

See the LaTeX manual or LaTeX Companion for explanation.
Type  H <return>  for immediate help.
 ...                                              
                                                  
l.94 ...draw, below of=first, text width=3cm] {【
                                                  2次条件】\\ $\nabla^2 ...
You may provide a definition with
\DeclareUnicodeCharacter 


/Users/ryosuke.umeda/codes/OMSCS/ISYE6669_Deterministic-Optimization/exam/mid_term_prep.tex:94: LaTeX Error: Unicode character 次 (U+6B21)
               not set up for use with LaTeX.

See the LaTeX manual or LaTeX Companion for explanation.
Type  H <return>  for immediate help.
 ...                                              
                                                  
l.94 ..., below of=first, text width=3cm] {【2次
                                                  条件】\\ $\nabla^2 f(x)...
You may provide a definition with
\DeclareUnicodeCharacter 


/Users/ryosuke.umeda/codes/OMSCS/ISYE6669_Deterministic-Optimization/exam/mid_term_prep.tex:94: LaTeX Error: Unicode character 条 (U+6761)
               not set up for use with LaTeX.

See the LaTeX manual or LaTeX Companion for explanation.
Type  H <return>  for immediate help.
 ...                                              
                                                  
l.94 ...elow of=first, text width=3cm] {【2次条
                                                  件】\\ $\nabla^2 f(x)$ �...
You may provide a definition with
\DeclareUnicodeCharacter 


/Users/ryosuke.umeda/codes/OMSCS/ISYE6669_Deterministic-Optimization/exam/mid_term_prep.tex:94: LaTeX Error: Unicode character 件 (U+4EF6)
               not set up for use with LaTeX.

See the LaTeX manual or LaTeX Companion for explanation.
Type  H <return>  for immediate help.
 ...                                              
                                                  
l.94 ...w of=first, text width=3cm] {【2次条件
                                                  】\\ $\nabla^2 f(x)$ が�...
You may provide a definition with
\DeclareUnicodeCharacter 


/Users/ryosuke.umeda/codes/OMSCS/ISYE6669_Deterministic-Optimization/exam/mid_term_prep.tex:94: LaTeX Error: Unicode character 】 (U+3011)
               not set up for use with LaTeX.

See the LaTeX manual or LaTeX Companion for explanation.
Type  H <return>  for immediate help.
 ...                                              
                                                  
l.94 ...f=first, text width=3cm] {【2次条件】
                                                  \\ $\nabla^2 f(x)$ が正�...
You may provide a definition with
\DeclareUnicodeCharacter 


/Users/ryosuke.umeda/codes/OMSCS/ISYE6669_Deterministic-Optimization/exam/mid_term_prep.tex:94: LaTeX Error: Unicode character が (U+304C)
               not set up for use with LaTeX.

See the LaTeX manual or LaTeX Companion for explanation.
Type  H <return>  for immediate help.
 ...                                              
                                                  
l.94 ...m] {【2次条件】\\ $\nabla^2 f(x)$ が
                                                  正半定値};
You may provide a definition with
\DeclareUnicodeCharacter 


/Users/ryosuke.umeda/codes/OMSCS/ISYE6669_Deterministic-Optimization/exam/mid_term_prep.tex:94: LaTeX Error: Unicode character 正 (U+6B63)
               not set up for use with LaTeX.

See the LaTeX manual or LaTeX Companion for explanation.
Type  H <return>  for immediate help.
 ...                                              
                                                  
l.94 ...{【2次条件】\\ $\nabla^2 f(x)$ が正
                                                  半定値};
You may provide a definition with
\DeclareUnicodeCharacter 


/Users/ryosuke.umeda/codes/OMSCS/ISYE6669_Deterministic-Optimization/exam/mid_term_prep.tex:94: LaTeX Error: Unicode character 半 (U+534A)
               not set up for use with LaTeX.

See the LaTeX manual or LaTeX Companion for explanation.
Type  H <return>  for immediate help.
 ...                                              
                                                  
l.94 ...�2次条件】\\ $\nabla^2 f(x)$ が正半
                                                  定値};
You may provide a definition with
\DeclareUnicodeCharacter 


/Users/ryosuke.umeda/codes/OMSCS/ISYE6669_Deterministic-Optimization/exam/mid_term_prep.tex:94: LaTeX Error: Unicode character 定 (U+5B9A)
               not set up for use with LaTeX.

See the LaTeX manual or LaTeX Companion for explanation.
Type  H <return>  for immediate help.
 ...                                              
                                                  
l.94 ...��条件】\\ $\nabla^2 f(x)$ が正半定
                                                  値};
You may provide a definition with
\DeclareUnicodeCharacter 


/Users/ryosuke.umeda/codes/OMSCS/ISYE6669_Deterministic-Optimization/exam/mid_term_prep.tex:94: LaTeX Error: Unicode character 値 (U+5024)
               not set up for use with LaTeX.

See the LaTeX manual or LaTeX Companion for explanation.
Type  H <return>  for immediate help.
 ...                                              
                                                  
l.94 ...��件】\\ $\nabla^2 f(x)$ が正半定値
                                                  };
You may provide a definition with
\DeclareUnicodeCharacter 


/Users/ryosuke.umeda/codes/OMSCS/ISYE6669_Deterministic-Optimization/exam/mid_term_prep.tex:95: LaTeX Error: Unicode character い (U+3044)
               not set up for use with LaTeX.

See the LaTeX manual or LaTeX Companion for explanation.
Type  H <return>  for immediate help.
 ...                                              
                                                  
l.95 ...t) [rectangle, draw, below of=second] {い
                                                  ずれかYES $\rightarrow$...
You may provide a definition with
\DeclareUnicodeCharacter 


/Users/ryosuke.umeda/codes/OMSCS/ISYE6669_Deterministic-Optimization/exam/mid_term_prep.tex:95: LaTeX Error: Unicode character ず (U+305A)
               not set up for use with LaTeX.

See the LaTeX manual or LaTeX Companion for explanation.
Type  H <return>  for immediate help.
 ...                                              
                                                  
l.95 ...[rectangle, draw, below of=second] {いず
                                                  れかYES $\rightarrow$ �...
You may provide a definition with
\DeclareUnicodeCharacter 


/Users/ryosuke.umeda/codes/OMSCS/ISYE6669_Deterministic-Optimization/exam/mid_term_prep.tex:95: LaTeX Error: Unicode character れ (U+308C)
               not set up for use with LaTeX.

See the LaTeX manual or LaTeX Companion for explanation.
Type  H <return>  for immediate help.
 ...                                              
                                                  
l.95 ...ctangle, draw, below of=second] {いずれ
                                                  かYES $\rightarrow$ 凸�...
You may provide a definition with
\DeclareUnicodeCharacter 


/Users/ryosuke.umeda/codes/OMSCS/ISYE6669_Deterministic-Optimization/exam/mid_term_prep.tex:95: LaTeX Error: Unicode character か (U+304B)
               not set up for use with LaTeX.

See the LaTeX manual or LaTeX Companion for explanation.
Type  H <return>  for immediate help.
 ...                                              
                                                  
l.95 ...ngle, draw, below of=second] {いずれか
                                                  YES $\rightarrow$ 凸関数};
You may provide a definition with
\DeclareUnicodeCharacter 


/Users/ryosuke.umeda/codes/OMSCS/ISYE6669_Deterministic-Optimization/exam/mid_term_prep.tex:95: LaTeX Error: Unicode character 凸 (U+51F8)
               not set up for use with LaTeX.

See the LaTeX manual or LaTeX Companion for explanation.
Type  H <return>  for immediate help.
 ...                                              
                                                  
l.95 ...second] {いずれかYES $\rightarrow$ 凸
                                                  関数};
You may provide a definition with
\DeclareUnicodeCharacter 


/Users/ryosuke.umeda/codes/OMSCS/ISYE6669_Deterministic-Optimization/exam/mid_term_prep.tex:95: LaTeX Error: Unicode character 関 (U+95A2)
               not set up for use with LaTeX.

See the LaTeX manual or LaTeX Companion for explanation.
Type  H <return>  for immediate help.
 ...                                              
                                                  
l.95 ...ond] {いずれかYES $\rightarrow$ 凸関
                                                  数};
You may provide a definition with
\DeclareUnicodeCharacter 


/Users/ryosuke.umeda/codes/OMSCS/ISYE6669_Deterministic-Optimization/exam/mid_term_prep.tex:95: LaTeX Error: Unicode character 数 (U+6570)
               not set up for use with LaTeX.

See the LaTeX manual or LaTeX Companion for explanation.
Type  H <return>  for immediate help.
 ...                                              
                                                  
l.95 ...] {いずれかYES $\rightarrow$ 凸関数
                                                  };
You may provide a definition with
\DeclareUnicodeCharacter 


/Users/ryosuke.umeda/codes/OMSCS/ISYE6669_Deterministic-Optimization/exam/mid_term_prep.tex:97: Package pgfkeys Error: I do not know the key '/tikz/arrow' and I am going to ignore it. Perhaps you misspelled it.

See the pgfkeys package documentation for explanation.
Type  H <return>  for immediate help.
 ...                                              
                                                  
l.97 \draw [arrow]
                   (start) -- (def);
(That was another \errmessage.)


/Users/ryosuke.umeda/codes/OMSCS/ISYE6669_Deterministic-Optimization/exam/mid_term_prep.tex:98: Package pgfkeys Error: I do not know the key '/tikz/arrow' and I am going to ignore it. Perhaps you misspelled it.

See the pgfkeys package documentation for explanation.
Type  H <return>  for immediate help.
 ...                                              
                                                  
l.98 \draw [arrow]
                   (def) -- (first);
(That was another \errmessage.)


/Users/ryosuke.umeda/codes/OMSCS/ISYE6669_Deterministic-Optimization/exam/mid_term_prep.tex:99: Package pgfkeys Error: I do not know the key '/tikz/arrow' and I am going to ignore it. Perhaps you misspelled it.

See the pgfkeys package documentation for explanation.
Type  H <return>  for immediate help.
 ...                                              
                                                  
l.99 \draw [arrow]
                   (first) -- (second);
(That was another \errmessage.)


/Users/ryosuke.umeda/codes/OMSCS/ISYE6669_Deterministic-Optimization/exam/mid_term_prep.tex:100: Package pgfkeys Error: I do not know the key '/tikz/arrow' and I am going to ignore it. Perhaps you misspelled it.

See the pgfkeys package documentation for explanation.
Type  H <return>  for immediate help.
 ...                                              
                                                  
l.100 \draw [arrow]
                    (second) -- (result);
(That was another \errmessage.)


/Users/ryosuke.umeda/codes/OMSCS/ISYE6669_Deterministic-Optimization/exam/mid_term_prep.tex:104: LaTeX Error: Unicode character 正 (U+6B63)
               not set up for use with LaTeX.

See the LaTeX manual or LaTeX Companion for explanation.
Type  H <return>  for immediate help.
 ...                                              
                                                  
l.104 \textbf{正半定値の判定}
                                    :
You may provide a definition with
\DeclareUnicodeCharacter 


/Users/ryosuke.umeda/codes/OMSCS/ISYE6669_Deterministic-Optimization/exam/mid_term_prep.tex:104: LaTeX Error: Unicode character 半 (U+534A)
               not set up for use with LaTeX.

See the LaTeX manual or LaTeX Companion for explanation.
Type  H <return>  for immediate help.
 ...                                              
                                                  
l.104 \textbf{正半定値の判定}
                                    :
You may provide a definition with
\DeclareUnicodeCharacter 


/Users/ryosuke.umeda/codes/OMSCS/ISYE6669_Deterministic-Optimization/exam/mid_term_prep.tex:104: LaTeX Error: Unicode character 定 (U+5B9A)
               not set up for use with LaTeX.

See the LaTeX manual or LaTeX Companion for explanation.
Type  H <return>  for immediate help.
 ...                                              
                                                  
l.104 \textbf{正半定値の判定}
                                    :
You may provide a definition with
\DeclareUnicodeCharacter 


/Users/ryosuke.umeda/codes/OMSCS/ISYE6669_Deterministic-Optimization/exam/mid_term_prep.tex:104: LaTeX Error: Unicode character 値 (U+5024)
               not set up for use with LaTeX.

See the LaTeX manual or LaTeX Companion for explanation.
Type  H <return>  for immediate help.
 ...                                              
                                                  
l.104 \textbf{正半定値の判定}
                                    :
You may provide a definition with
\DeclareUnicodeCharacter 


/Users/ryosuke.umeda/codes/OMSCS/ISYE6669_Deterministic-Optimization/exam/mid_term_prep.tex:104: LaTeX Error: Unicode character の (U+306E)
               not set up for use with LaTeX.

See the LaTeX manual or LaTeX Companion for explanation.
Type  H <return>  for immediate help.
 ...                                              
                                                  
l.104 \textbf{正半定値の判定}
                                    :
You may provide a definition with
\DeclareUnicodeCharacter 


/Users/ryosuke.umeda/codes/OMSCS/ISYE6669_Deterministic-Optimization/exam/mid_term_prep.tex:104: LaTeX Error: Unicode character 判 (U+5224)
               not set up for use with LaTeX.

See the LaTeX manual or LaTeX Companion for explanation.
Type  H <return>  for immediate help.
 ...                                              
                                                  
l.104 \textbf{正半定値の判定}
                                    :
You may provide a definition with
\DeclareUnicodeCharacter 


/Users/ryosuke.umeda/codes/OMSCS/ISYE6669_Deterministic-Optimization/exam/mid_term_prep.tex:104: LaTeX Error: Unicode character 定 (U+5B9A)
               not set up for use with LaTeX.

See the LaTeX manual or LaTeX Companion for explanation.
Type  H <return>  for immediate help.
 ...                                              
                                                  
l.104 \textbf{正半定値の判定}
                                    :
You may provide a definition with
\DeclareUnicodeCharacter 


/Users/ryosuke.umeda/codes/OMSCS/ISYE6669_Deterministic-Optimization/exam/mid_term_prep.tex:106: LaTeX Error: Unicode character 全 (U+5168)
               not set up for use with LaTeX.

See the LaTeX manual or LaTeX Companion for explanation.
Type  H <return>  for immediate help.
 ...                                              
                                                  
l.106 \item 全
               固有値 $\geq 0$
You may provide a definition with
\DeclareUnicodeCharacter 


/Users/ryosuke.umeda/codes/OMSCS/ISYE6669_Deterministic-Optimization/exam/mid_term_prep.tex:106: LaTeX Error: Unicode character 固 (U+56FA)
               not set up for use with LaTeX.

See the LaTeX manual or LaTeX Companion for explanation.
Type  H <return>  for immediate help.
 ...                                              
                                                  
l.106 \item 全固
                  有値 $\geq 0$
You may provide a definition with
\DeclareUnicodeCharacter 


/Users/ryosuke.umeda/codes/OMSCS/ISYE6669_Deterministic-Optimization/exam/mid_term_prep.tex:106: LaTeX Error: Unicode character 有 (U+6709)
               not set up for use with LaTeX.

See the LaTeX manual or LaTeX Companion for explanation.
Type  H <return>  for immediate help.
 ...                                              
                                                  
l.106 \item 全固有
                     値 $\geq 0$
You may provide a definition with
\DeclareUnicodeCharacter 


/Users/ryosuke.umeda/codes/OMSCS/ISYE6669_Deterministic-Optimization/exam/mid_term_prep.tex:106: LaTeX Error: Unicode character 値 (U+5024)
               not set up for use with LaTeX.

See the LaTeX manual or LaTeX Companion for explanation.
Type  H <return>  for immediate help.
 ...                                              
                                                  
l.106 \item 全固有値
                         $\geq 0$
You may provide a definition with
\DeclareUnicodeCharacter 


/Users/ryosuke.umeda/codes/OMSCS/ISYE6669_Deterministic-Optimization/exam/mid_term_prep.tex:107: LaTeX Error: Unicode character 主 (U+4E3B)
               not set up for use with LaTeX.

See the LaTeX manual or LaTeX Companion for explanation.
Type  H <return>  for immediate help.
 ...                                              
                                                  
l.107 \item 主
               小行列式が非負
You may provide a definition with
\DeclareUnicodeCharacter 


/Users/ryosuke.umeda/codes/OMSCS/ISYE6669_Deterministic-Optimization/exam/mid_term_prep.tex:107: LaTeX Error: Unicode character 小 (U+5C0F)
               not set up for use with LaTeX.

See the LaTeX manual or LaTeX Companion for explanation.
Type  H <return>  for immediate help.
 ...                                              
                                                  
l.107 \item 主小
                  行列式が非負
You may provide a definition with
\DeclareUnicodeCharacter 


/Users/ryosuke.umeda/codes/OMSCS/ISYE6669_Deterministic-Optimization/exam/mid_term_prep.tex:107: LaTeX Error: Unicode character 行 (U+884C)
               not set up for use with LaTeX.

See the LaTeX manual or LaTeX Companion for explanation.
Type  H <return>  for immediate help.
 ...                                              
                                                  
l.107 \item 主小行
                     列式が非負
You may provide a definition with
\DeclareUnicodeCharacter 


/Users/ryosuke.umeda/codes/OMSCS/ISYE6669_Deterministic-Optimization/exam/mid_term_prep.tex:107: LaTeX Error: Unicode character 列 (U+5217)
               not set up for use with LaTeX.

See the LaTeX manual or LaTeX Companion for explanation.
Type  H <return>  for immediate help.
 ...                                              
                                                  
l.107 \item 主小行列
                        式が非負
You may provide a definition with
\DeclareUnicodeCharacter 


/Users/ryosuke.umeda/codes/OMSCS/ISYE6669_Deterministic-Optimization/exam/mid_term_prep.tex:107: LaTeX Error: Unicode character 式 (U+5F0F)
               not set up for use with LaTeX.

See the LaTeX manual or LaTeX Companion for explanation.
Type  H <return>  for immediate help.
 ...                                              
                                                  
l.107 \item 主小行列式
                           が非負
You may provide a definition with
\DeclareUnicodeCharacter 


/Users/ryosuke.umeda/codes/OMSCS/ISYE6669_Deterministic-Optimization/exam/mid_term_prep.tex:107: LaTeX Error: Unicode character が (U+304C)
               not set up for use with LaTeX.

See the LaTeX manual or LaTeX Companion for explanation.
Type  H <return>  for immediate help.
 ...                                              
                                                  
l.107 \item 主小行列式が
                              非負
You may provide a definition with
\DeclareUnicodeCharacter 


/Users/ryosuke.umeda/codes/OMSCS/ISYE6669_Deterministic-Optimization/exam/mid_term_prep.tex:107: LaTeX Error: Unicode character 非 (U+975E)
               not set up for use with LaTeX.

See the LaTeX manual or LaTeX Companion for explanation.
Type  H <return>  for immediate help.
 ...                                              
                                                  
l.107 \item 主小行列式が非
                                 負
You may provide a definition with
\DeclareUnicodeCharacter 


/Users/ryosuke.umeda/codes/OMSCS/ISYE6669_Deterministic-Optimization/exam/mid_term_prep.tex:107: LaTeX Error: Unicode character 負 (U+8CA0)
               not set up for use with LaTeX.

See the LaTeX manual or LaTeX Companion for explanation.
Type  H <return>  for immediate help.
 ...                                              
                                                  
l.107 \item 主小行列式が非負
                                    
You may provide a definition with
\DeclareUnicodeCharacter 


/Users/ryosuke.umeda/codes/OMSCS/ISYE6669_Deterministic-Optimization/exam/mid_term_prep.tex:111: LaTeX Error: \begin{document} ended by \end{multicols}.

See the LaTeX manual or LaTeX Companion for explanation.
Type  H <return>  for immediate help.
 ...                                              
                                                  
l.111 \end{multicols}
                     
Your command was ignored.
Type  I <command> <return>  to replace it with another command,
or  <return>  to continue without it.

/Users/ryosuke.umeda/codes/OMSCS/ISYE6669_Deterministic-Optimization/exam/mid_term_prep.tex:111: Extra \endgroup.
\end  ...end#1\endcsname \@checkend {#1}\endgroup 
                                                  \UseHook {env/#1/after}\if...
l.111 \end{multicols}
                     
Things are pretty mixed up, but I think the worst is over.


/Users/ryosuke.umeda/codes/OMSCS/ISYE6669_Deterministic-Optimization/exam/mid_term_prep.tex:118: LaTeX Error: Unicode character 凸 (U+51F8)
               not set up for use with LaTeX.

See the LaTeX manual or LaTeX Companion for explanation.
Type  H <return>  for immediate help.
 ...                                              
                                                  
l.118 \section*{凸計画問題と線形計画法}
                                                  
You may provide a definition with
\DeclareUnicodeCharacter 


/Users/ryosuke.umeda/codes/OMSCS/ISYE6669_Deterministic-Optimization/exam/mid_term_prep.tex:118: LaTeX Error: Unicode character 計 (U+8A08)
               not set up for use with LaTeX.

See the LaTeX manual or LaTeX Companion for explanation.
Type  H <return>  for immediate help.
 ...                                              
                                                  
l.118 \section*{凸計画問題と線形計画法}
                                                  
You may provide a definition with
\DeclareUnicodeCharacter 


/Users/ryosuke.umeda/codes/OMSCS/ISYE6669_Deterministic-Optimization/exam/mid_term_prep.tex:118: LaTeX Error: Unicode character 画 (U+753B)
               not set up for use with LaTeX.

See the LaTeX manual or LaTeX Companion for explanation.
Type  H <return>  for immediate help.
 ...                                              
                                                  
l.118 \section*{凸計画問題と線形計画法}
                                                  
You may provide a definition with
\DeclareUnicodeCharacter 


/Users/ryosuke.umeda/codes/OMSCS/ISYE6669_Deterministic-Optimization/exam/mid_term_prep.tex:118: LaTeX Error: Unicode character 問 (U+554F)
               not set up for use with LaTeX.

See the LaTeX manual or LaTeX Companion for explanation.
Type  H <return>  for immediate help.
 ...                                              
                                                  
l.118 \section*{凸計画問題と線形計画法}
                                                  
You may provide a definition with
\DeclareUnicodeCharacter 


/Users/ryosuke.umeda/codes/OMSCS/ISYE6669_Deterministic-Optimization/exam/mid_term_prep.tex:118: LaTeX Error: Unicode character 題 (U+984C)
               not set up for use with LaTeX.

See the LaTeX manual or LaTeX Companion for explanation.
Type  H <return>  for immediate help.
 ...                                              
                                                  
l.118 \section*{凸計画問題と線形計画法}
                                                  
You may provide a definition with
\DeclareUnicodeCharacter 


/Users/ryosuke.umeda/codes/OMSCS/ISYE6669_Deterministic-Optimization/exam/mid_term_prep.tex:118: LaTeX Error: Unicode character と (U+3068)
               not set up for use with LaTeX.

See the LaTeX manual or LaTeX Companion for explanation.
Type  H <return>  for immediate help.
 ...                                              
                                                  
l.118 \section*{凸計画問題と線形計画法}
                                                  
You may provide a definition with
\DeclareUnicodeCharacter 


/Users/ryosuke.umeda/codes/OMSCS/ISYE6669_Deterministic-Optimization/exam/mid_term_prep.tex:118: LaTeX Error: Unicode character 線 (U+7DDA)
               not set up for use with LaTeX.

See the LaTeX manual or LaTeX Companion for explanation.
Type  H <return>  for immediate help.
 ...                                              
                                                  
l.118 \section*{凸計画問題と線形計画法}
                                                  
You may provide a definition with
\DeclareUnicodeCharacter 


/Users/ryosuke.umeda/codes/OMSCS/ISYE6669_Deterministic-Optimization/exam/mid_term_prep.tex:118: LaTeX Error: Unicode character 形 (U+5F62)
               not set up for use with LaTeX.

See the LaTeX manual or LaTeX Companion for explanation.
Type  H <return>  for immediate help.
 ...                                              
                                                  
l.118 \section*{凸計画問題と線形計画法}
                                                  
You may provide a definition with
\DeclareUnicodeCharacter 


/Users/ryosuke.umeda/codes/OMSCS/ISYE6669_Deterministic-Optimization/exam/mid_term_prep.tex:118: LaTeX Error: Unicode character 計 (U+8A08)
               not set up for use with LaTeX.

See the LaTeX manual or LaTeX Companion for explanation.
Type  H <return>  for immediate help.
 ...                                              
                                                  
l.118 \section*{凸計画問題と線形計画法}
                                                  
You may provide a definition with
\DeclareUnicodeCharacter 


/Users/ryosuke.umeda/codes/OMSCS/ISYE6669_Deterministic-Optimization/exam/mid_term_prep.tex:118: LaTeX Error: Unicode character 画 (U+753B)
               not set up for use with LaTeX.

See the LaTeX manual or LaTeX Companion for explanation.
Type  H <return>  for immediate help.
 ...                                              
                                                  
l.118 \section*{凸計画問題と線形計画法}
                                                  
You may provide a definition with
\DeclareUnicodeCharacter 


/Users/ryosuke.umeda/codes/OMSCS/ISYE6669_Deterministic-Optimization/exam/mid_term_prep.tex:118: LaTeX Error: Unicode character 法 (U+6CD5)
               not set up for use with LaTeX.

See the LaTeX manual or LaTeX Companion for explanation.
Type  H <return>  for immediate help.
 ...                                              
                                                  
l.118 \section*{凸計画問題と線形計画法}
                                                  
You may provide a definition with
\DeclareUnicodeCharacter 


/Users/ryosuke.umeda/codes/OMSCS/ISYE6669_Deterministic-Optimization/exam/mid_term_prep.tex:120: LaTeX Error: Unicode character 凸 (U+51F8)
               not set up for use with LaTeX.

See the LaTeX manual or LaTeX Companion for explanation.
Type  H <return>  for immediate help.
 ...                                              
                                                  
l.120 \subsection*{凸計画問題判定}
                                         
You may provide a definition with
\DeclareUnicodeCharacter 


/Users/ryosuke.umeda/codes/OMSCS/ISYE6669_Deterministic-Optimization/exam/mid_term_prep.tex:120: LaTeX Error: Unicode character 計 (U+8A08)
               not set up for use with LaTeX.

See the LaTeX manual or LaTeX Companion for explanation.
Type  H <return>  for immediate help.
 ...                                              
                                                  
l.120 \subsection*{凸計画問題判定}
                                         
You may provide a definition with
\DeclareUnicodeCharacter 


/Users/ryosuke.umeda/codes/OMSCS/ISYE6669_Deterministic-Optimization/exam/mid_term_prep.tex:120: LaTeX Error: Unicode character 画 (U+753B)
               not set up for use with LaTeX.

See the LaTeX manual or LaTeX Companion for explanation.
Type  H <return>  for immediate help.
 ...                                              
                                                  
l.120 \subsection*{凸計画問題判定}
                                         
You may provide a definition with
\DeclareUnicodeCharacter 


/Users/ryosuke.umeda/codes/OMSCS/ISYE6669_Deterministic-Optimization/exam/mid_term_prep.tex:120: LaTeX Error: Unicode character 問 (U+554F)
               not set up for use with LaTeX.

See the LaTeX manual or LaTeX Companion for explanation.
Type  H <return>  for immediate help.
 ...                                              
                                                  
l.120 \subsection*{凸計画問題判定}
                                         
You may provide a definition with
\DeclareUnicodeCharacter 


/Users/ryosuke.umeda/codes/OMSCS/ISYE6669_Deterministic-Optimization/exam/mid_term_prep.tex:120: LaTeX Error: Unicode character 題 (U+984C)
               not set up for use with LaTeX.

See the LaTeX manual or LaTeX Companion for explanation.
Type  H <return>  for immediate help.
 ...                                              
                                                  
l.120 \subsection*{凸計画問題判定}
                                         
You may provide a definition with
\DeclareUnicodeCharacter 


/Users/ryosuke.umeda/codes/OMSCS/ISYE6669_Deterministic-Optimization/exam/mid_term_prep.tex:120: LaTeX Error: Unicode character 判 (U+5224)
               not set up for use with LaTeX.

See the LaTeX manual or LaTeX Companion for explanation.
Type  H <return>  for immediate help.
 ...                                              
                                                  
l.120 \subsection*{凸計画問題判定}
                                         
You may provide a definition with
\DeclareUnicodeCharacter 


/Users/ryosuke.umeda/codes/OMSCS/ISYE6669_Deterministic-Optimization/exam/mid_term_prep.tex:120: LaTeX Error: Unicode character 定 (U+5B9A)
               not set up for use with LaTeX.

See the LaTeX manual or LaTeX Companion for explanation.
Type  H <return>  for immediate help.
 ...                                              
                                                  
l.120 \subsection*{凸計画問題判定}
                                         
You may provide a definition with
\DeclareUnicodeCharacter 


/Users/ryosuke.umeda/codes/OMSCS/ISYE6669_Deterministic-Optimization/exam/mid_term_prep.tex:123: LaTeX Error: Unicode character 最 (U+6700)
               not set up for use with LaTeX.

See the LaTeX manual or LaTeX Companion for explanation.
Type  H <return>  for immediate help.
 ...                                              
                                                  
l.123 ... [rectangle, draw, text width=3.5cm] {最
                                                  適化問題は凸計画�...
You may provide a definition with
\DeclareUnicodeCharacter 


/Users/ryosuke.umeda/codes/OMSCS/ISYE6669_Deterministic-Optimization/exam/mid_term_prep.tex:123: LaTeX Error: Unicode character 適 (U+9069)
               not set up for use with LaTeX.

See the LaTeX manual or LaTeX Companion for explanation.
Type  H <return>  for immediate help.
 ...                                              
                                                  
l.123 ...ectangle, draw, text width=3.5cm] {最適
                                                  化問題は凸計画問�...
You may provide a definition with
\DeclareUnicodeCharacter 


/Users/ryosuke.umeda/codes/OMSCS/ISYE6669_Deterministic-Optimization/exam/mid_term_prep.tex:123: LaTeX Error: Unicode character 化 (U+5316)
               not set up for use with LaTeX.

See the LaTeX manual or LaTeX Companion for explanation.
Type  H <return>  for immediate help.
 ...                                              
                                                  
l.123 ...angle, draw, text width=3.5cm] {最適化
                                                  問題は凸計画問題�...
You may provide a definition with
\DeclareUnicodeCharacter 


/Users/ryosuke.umeda/codes/OMSCS/ISYE6669_Deterministic-Optimization/exam/mid_term_prep.tex:123: LaTeX Error: Unicode character 問 (U+554F)
               not set up for use with LaTeX.

See the LaTeX manual or LaTeX Companion for explanation.
Type  H <return>  for immediate help.
 ...                                              
                                                  
l.123 ...le, draw, text width=3.5cm] {最適化問
                                                  題は凸計画問題か？};
You may provide a definition with
\DeclareUnicodeCharacter 


/Users/ryosuke.umeda/codes/OMSCS/ISYE6669_Deterministic-Optimization/exam/mid_term_prep.tex:123: LaTeX Error: Unicode character 題 (U+984C)
               not set up for use with LaTeX.

See the LaTeX manual or LaTeX Companion for explanation.
Type  H <return>  for immediate help.
 ...                                              
                                                  
l.123 ... draw, text width=3.5cm] {最適化問題
                                                  は凸計画問題か？};
You may provide a definition with
\DeclareUnicodeCharacter 


/Users/ryosuke.umeda/codes/OMSCS/ISYE6669_Deterministic-Optimization/exam/mid_term_prep.tex:123: LaTeX Error: Unicode character は (U+306F)
               not set up for use with LaTeX.

See the LaTeX manual or LaTeX Companion for explanation.
Type  H <return>  for immediate help.
 ...                                              
                                                  
l.123 ...aw, text width=3.5cm] {最適化問題は
                                                  凸計画問題か？};
You may provide a definition with
\DeclareUnicodeCharacter 


/Users/ryosuke.umeda/codes/OMSCS/ISYE6669_Deterministic-Optimization/exam/mid_term_prep.tex:123: LaTeX Error: Unicode character 凸 (U+51F8)
               not set up for use with LaTeX.

See the LaTeX manual or LaTeX Companion for explanation.
Type  H <return>  for immediate help.
 ...                                              
                                                  
l.123 ... text width=3.5cm] {最適化問題は凸
                                                  計画問題か？};
You may provide a definition with
\DeclareUnicodeCharacter 


/Users/ryosuke.umeda/codes/OMSCS/ISYE6669_Deterministic-Optimization/exam/mid_term_prep.tex:123: LaTeX Error: Unicode character 計 (U+8A08)
               not set up for use with LaTeX.

See the LaTeX manual or LaTeX Companion for explanation.
Type  H <return>  for immediate help.
 ...                                              
                                                  
l.123 ...xt width=3.5cm] {最適化問題は凸計
                                                  画問題か？};
You may provide a definition with
\DeclareUnicodeCharacter 


/Users/ryosuke.umeda/codes/OMSCS/ISYE6669_Deterministic-Optimization/exam/mid_term_prep.tex:123: LaTeX Error: Unicode character 画 (U+753B)
               not set up for use with LaTeX.

See the LaTeX manual or LaTeX Companion for explanation.
Type  H <return>  for immediate help.
 ...                                              
                                                  
l.123 ...width=3.5cm] {最適化問題は凸計画
                                                  問題か？};
You may provide a definition with
\DeclareUnicodeCharacter 


/Users/ryosuke.umeda/codes/OMSCS/ISYE6669_Deterministic-Optimization/exam/mid_term_prep.tex:123: LaTeX Error: Unicode character 問 (U+554F)
               not set up for use with LaTeX.

See the LaTeX manual or LaTeX Companion for explanation.
Type  H <return>  for immediate help.
 ...                                              
                                                  
l.123 ...th=3.5cm] {最適化問題は凸計画問
                                                  題か？};
You may provide a definition with
\DeclareUnicodeCharacter 


/Users/ryosuke.umeda/codes/OMSCS/ISYE6669_Deterministic-Optimization/exam/mid_term_prep.tex:123: LaTeX Error: Unicode character 題 (U+984C)
               not set up for use with LaTeX.

See the LaTeX manual or LaTeX Companion for explanation.
Type  H <return>  for immediate help.
 ...                                              
                                                  
l.123 ...3.5cm] {最適化問題は凸計画問題
                                                  か？};
You may provide a definition with
\DeclareUnicodeCharacter 


/Users/ryosuke.umeda/codes/OMSCS/ISYE6669_Deterministic-Optimization/exam/mid_term_prep.tex:123: LaTeX Error: Unicode character か (U+304B)
               not set up for use with LaTeX.

See the LaTeX manual or LaTeX Companion for explanation.
Type  H <return>  for immediate help.
 ...                                              
                                                  
l.123 ...cm] {最適化問題は凸計画問題か
                                                  ？};
You may provide a definition with
\DeclareUnicodeCharacter 


/Users/ryosuke.umeda/codes/OMSCS/ISYE6669_Deterministic-Optimization/exam/mid_term_prep.tex:123: LaTeX Error: Unicode character ？ (U+FF1F)
               not set up for use with LaTeX.

See the LaTeX manual or LaTeX Companion for explanation.
Type  H <return>  for immediate help.
 ...                                              
                                                  
l.123 ... {最適化問題は凸計画問題か？
                                                  };
You may provide a definition with
\DeclareUnicodeCharacter 


/Users/ryosuke.umeda/codes/OMSCS/ISYE6669_Deterministic-Optimization/exam/mid_term_prep.tex:124: LaTeX Error: Unicode character 【 (U+3010)
               not set up for use with LaTeX.

See the LaTeX manual or LaTeX Companion for explanation.
Type  H <return>  for immediate help.
 ...                                              
                                                  
l.124 ...raw, below of=start, text width=4cm] {【
                                                  min問題】\\ 1. 目的�...
You may provide a definition with
\DeclareUnicodeCharacter 


/Users/ryosuke.umeda/codes/OMSCS/ISYE6669_Deterministic-Optimization/exam/mid_term_prep.tex:124: LaTeX Error: Unicode character 問 (U+554F)
               not set up for use with LaTeX.

See the LaTeX manual or LaTeX Companion for explanation.
Type  H <return>  for immediate help.
 ...                                              
                                                  
l.124 ...elow of=start, text width=4cm] {【min問
                                                  題】\\ 1. 目的関数 $...
You may provide a definition with
\DeclareUnicodeCharacter 


/Users/ryosuke.umeda/codes/OMSCS/ISYE6669_Deterministic-Optimization/exam/mid_term_prep.tex:124: LaTeX Error: Unicode character 題 (U+984C)
               not set up for use with LaTeX.

See the LaTeX manual or LaTeX Companion for explanation.
Type  H <return>  for immediate help.
 ...                                              
                                                  
l.124 ...w of=start, text width=4cm] {【min問題
                                                  】\\ 1. 目的関数 $f(x...
You may provide a definition with
\DeclareUnicodeCharacter 


/Users/ryosuke.umeda/codes/OMSCS/ISYE6669_Deterministic-Optimization/exam/mid_term_prep.tex:124: LaTeX Error: Unicode character 】 (U+3011)
               not set up for use with LaTeX.

See the LaTeX manual or LaTeX Companion for explanation.
Type  H <return>  for immediate help.
 ...                                              
                                                  
l.124 ...f=start, text width=4cm] {【min問題】
                                                  \\ 1. 目的関数 $f(x)$ ...
You may provide a definition with
\DeclareUnicodeCharacter 


/Users/ryosuke.umeda/codes/OMSCS/ISYE6669_Deterministic-Optimization/exam/mid_term_prep.tex:124: LaTeX Error: Unicode character 目 (U+76EE)
               not set up for use with LaTeX.

See the LaTeX manual or LaTeX Companion for explanation.
Type  H <return>  for immediate help.
 ...                                              
                                                  
l.124 ...text width=4cm] {【min問題】\\ 1. 目
                                                  的関数 $f(x)$ が凸関...
You may provide a definition with
\DeclareUnicodeCharacter 


/Users/ryosuke.umeda/codes/OMSCS/ISYE6669_Deterministic-Optimization/exam/mid_term_prep.tex:124: LaTeX Error: Unicode character 的 (U+7684)
               not set up for use with LaTeX.

See the LaTeX manual or LaTeX Companion for explanation.
Type  H <return>  for immediate help.
 ...                                              
                                                  
l.124 ...t width=4cm] {【min問題】\\ 1. 目的
                                                  関数 $f(x)$ が凸関数...
You may provide a definition with
\DeclareUnicodeCharacter 


/Users/ryosuke.umeda/codes/OMSCS/ISYE6669_Deterministic-Optimization/exam/mid_term_prep.tex:124: LaTeX Error: Unicode character 関 (U+95A2)
               not set up for use with LaTeX.

See the LaTeX manual or LaTeX Companion for explanation.
Type  H <return>  for immediate help.
 ...                                              
                                                  
l.124 ...idth=4cm] {【min問題】\\ 1. 目的関
                                                  数 $f(x)$ が凸関数\\ ...
You may provide a definition with
\DeclareUnicodeCharacter 


/Users/ryosuke.umeda/codes/OMSCS/ISYE6669_Deterministic-Optimization/exam/mid_term_prep.tex:124: LaTeX Error: Unicode character 数 (U+6570)
               not set up for use with LaTeX.

See the LaTeX manual or LaTeX Companion for explanation.
Type  H <return>  for immediate help.
 ...                                              
                                                  
l.124 ...h=4cm] {【min問題】\\ 1. 目的関数
                                                   $f(x)$ が凸関数\\ 2. ...
You may provide a definition with
\DeclareUnicodeCharacter 


/Users/ryosuke.umeda/codes/OMSCS/ISYE6669_Deterministic-Optimization/exam/mid_term_prep.tex:124: LaTeX Error: Unicode character が (U+304C)
               not set up for use with LaTeX.

See the LaTeX manual or LaTeX Companion for explanation.
Type  H <return>  for immediate help.
 ...                                              
                                                  
l.124 ...min問題】\\ 1. 目的関数 $f(x)$ が
                                                  凸関数\\ 2. 実行可�...
You may provide a definition with
\DeclareUnicodeCharacter 


/Users/ryosuke.umeda/codes/OMSCS/ISYE6669_Deterministic-Optimization/exam/mid_term_prep.tex:124: LaTeX Error: Unicode character 凸 (U+51F8)
               not set up for use with LaTeX.

See the LaTeX manual or LaTeX Companion for explanation.
Type  H <return>  for immediate help.
 ...                                              
                                                  
l.124 ...問題】\\ 1. 目的関数 $f(x)$ が凸
                                                  関数\\ 2. 実行可能�...
You may provide a definition with
\DeclareUnicodeCharacter 


/Users/ryosuke.umeda/codes/OMSCS/ISYE6669_Deterministic-Optimization/exam/mid_term_prep.tex:124: LaTeX Error: Unicode character 関 (U+95A2)
               not set up for use with LaTeX.

See the LaTeX manual or LaTeX Companion for explanation.
Type  H <return>  for immediate help.
 ...                                              
                                                  
l.124 ...題】\\ 1. 目的関数 $f(x)$ が凸関
                                                  数\\ 2. 実行可能領�...
You may provide a definition with
\DeclareUnicodeCharacter 


/Users/ryosuke.umeda/codes/OMSCS/ISYE6669_Deterministic-Optimization/exam/mid_term_prep.tex:124: LaTeX Error: Unicode character 数 (U+6570)
               not set up for use with LaTeX.

See the LaTeX manual or LaTeX Companion for explanation.
Type  H <return>  for immediate help.
 ...                                              
                                                  
l.124 ...】\\ 1. 目的関数 $f(x)$ が凸関数
                                                  \\ 2. 実行可能領域�...
You may provide a definition with
\DeclareUnicodeCharacter 


/Users/ryosuke.umeda/codes/OMSCS/ISYE6669_Deterministic-Optimization/exam/mid_term_prep.tex:124: LaTeX Error: Unicode character 実 (U+5B9F)
               not set up for use with LaTeX.

See the LaTeX manual or LaTeX Companion for explanation.
Type  H <return>  for immediate help.
 ...                                              
                                                  
l.124 ...目的関数 $f(x)$ が凸関数\\ 2. 実
                                                  行可能領域が凸集合};
You may provide a definition with
\DeclareUnicodeCharacter 


/Users/ryosuke.umeda/codes/OMSCS/ISYE6669_Deterministic-Optimization/exam/mid_term_prep.tex:124: LaTeX Error: Unicode character 行 (U+884C)
               not set up for use with LaTeX.

See the LaTeX manual or LaTeX Companion for explanation.
Type  H <return>  for immediate help.
 ...                                              
                                                  
l.124 ...的関数 $f(x)$ が凸関数\\ 2. 実行
                                                  可能領域が凸集合};
You may provide a definition with
\DeclareUnicodeCharacter 


/Users/ryosuke.umeda/codes/OMSCS/ISYE6669_Deterministic-Optimization/exam/mid_term_prep.tex:124: LaTeX Error: Unicode character 可 (U+53EF)
               not set up for use with LaTeX.

See the LaTeX manual or LaTeX Companion for explanation.
Type  H <return>  for immediate help.
 ...                                              
                                                  
l.124 ...関数 $f(x)$ が凸関数\\ 2. 実行可
                                                  能領域が凸集合};
You may provide a definition with
\DeclareUnicodeCharacter 


/Users/ryosuke.umeda/codes/OMSCS/ISYE6669_Deterministic-Optimization/exam/mid_term_prep.tex:124: LaTeX Error: Unicode character 能 (U+80FD)
               not set up for use with LaTeX.

See the LaTeX manual or LaTeX Companion for explanation.
Type  H <return>  for immediate help.
 ...                                              
                                                  
l.124 ...数 $f(x)$ が凸関数\\ 2. 実行可能
                                                  領域が凸集合};
You may provide a definition with
\DeclareUnicodeCharacter 


/Users/ryosuke.umeda/codes/OMSCS/ISYE6669_Deterministic-Optimization/exam/mid_term_prep.tex:124: LaTeX Error: Unicode character 領 (U+9818)
               not set up for use with LaTeX.

See the LaTeX manual or LaTeX Companion for explanation.
Type  H <return>  for immediate help.
 ...                                              
                                                  
l.124 ... $f(x)$ が凸関数\\ 2. 実行可能領
                                                  域が凸集合};
You may provide a definition with
\DeclareUnicodeCharacter 


/Users/ryosuke.umeda/codes/OMSCS/ISYE6669_Deterministic-Optimization/exam/mid_term_prep.tex:124: LaTeX Error: Unicode character 域 (U+57DF)
               not set up for use with LaTeX.

See the LaTeX manual or LaTeX Companion for explanation.
Type  H <return>  for immediate help.
 ...                                              
                                                  
l.124 ...(x)$ が凸関数\\ 2. 実行可能領域
                                                  が凸集合};
You may provide a definition with
\DeclareUnicodeCharacter 


/Users/ryosuke.umeda/codes/OMSCS/ISYE6669_Deterministic-Optimization/exam/mid_term_prep.tex:124: LaTeX Error: Unicode character が (U+304C)
               not set up for use with LaTeX.

See the LaTeX manual or LaTeX Companion for explanation.
Type  H <return>  for immediate help.
 ...                                              
                                                  
l.124 ...$ が凸関数\\ 2. 実行可能領域が
                                                  凸集合};
You may provide a definition with
\DeclareUnicodeCharacter 


/Users/ryosuke.umeda/codes/OMSCS/ISYE6669_Deterministic-Optimization/exam/mid_term_prep.tex:124: LaTeX Error: Unicode character 凸 (U+51F8)
               not set up for use with LaTeX.

See the LaTeX manual or LaTeX Companion for explanation.
Type  H <return>  for immediate help.
 ...                                              
                                                  
l.124 ...��凸関数\\ 2. 実行可能領域が凸
                                                  集合};
You may provide a definition with
\DeclareUnicodeCharacter 


/Users/ryosuke.umeda/codes/OMSCS/ISYE6669_Deterministic-Optimization/exam/mid_term_prep.tex:124: LaTeX Error: Unicode character 集 (U+96C6)
               not set up for use with LaTeX.

See the LaTeX manual or LaTeX Companion for explanation.
Type  H <return>  for immediate help.
 ...                                              
                                                  
l.124 ...��関数\\ 2. 実行可能領域が凸集
                                                  合};
You may provide a definition with
\DeclareUnicodeCharacter 


/Users/ryosuke.umeda/codes/OMSCS/ISYE6669_Deterministic-Optimization/exam/mid_term_prep.tex:124: LaTeX Error: Unicode character 合 (U+5408)
               not set up for use with LaTeX.

See the LaTeX manual or LaTeX Companion for explanation.
Type  H <return>  for immediate help.
 ...                                              
                                                  
l.124 ...��数\\ 2. 実行可能領域が凸集合
                                                  };
You may provide a definition with
\DeclareUnicodeCharacter 


/Users/ryosuke.umeda/codes/OMSCS/ISYE6669_Deterministic-Optimization/exam/mid_term_prep.tex:125: LaTeX Error: Unicode character 【 (U+3010)
               not set up for use with LaTeX.

See the LaTeX manual or LaTeX Companion for explanation.
Type  H <return>  for immediate help.
 ...                                              
                                                  
l.125 ... draw, right of=min, text width=4cm] {【
                                                  max問題】\\ 1. 目的�...
You may provide a definition with
\DeclareUnicodeCharacter 


/Users/ryosuke.umeda/codes/OMSCS/ISYE6669_Deterministic-Optimization/exam/mid_term_prep.tex:125: LaTeX Error: Unicode character 問 (U+554F)
               not set up for use with LaTeX.

See the LaTeX manual or LaTeX Companion for explanation.
Type  H <return>  for immediate help.
 ...                                              
                                                  
l.125 ... right of=min, text width=4cm] {【max問
                                                  題】\\ 1. 目的関数 $...
You may provide a definition with
\DeclareUnicodeCharacter 


/Users/ryosuke.umeda/codes/OMSCS/ISYE6669_Deterministic-Optimization/exam/mid_term_prep.tex:125: LaTeX Error: Unicode character 題 (U+984C)
               not set up for use with LaTeX.

See the LaTeX manual or LaTeX Companion for explanation.
Type  H <return>  for immediate help.
 ...                                              
                                                  
l.125 ...ght of=min, text width=4cm] {【max問題
                                                  】\\ 1. 目的関数 $f(x...
You may provide a definition with
\DeclareUnicodeCharacter 


/Users/ryosuke.umeda/codes/OMSCS/ISYE6669_Deterministic-Optimization/exam/mid_term_prep.tex:125: LaTeX Error: Unicode character 】 (U+3011)
               not set up for use with LaTeX.

See the LaTeX manual or LaTeX Companion for explanation.
Type  H <return>  for immediate help.
 ...                                              
                                                  
l.125 ... of=min, text width=4cm] {【max問題】
                                                  \\ 1. 目的関数 $f(x)$ ...
You may provide a definition with
\DeclareUnicodeCharacter 


/Users/ryosuke.umeda/codes/OMSCS/ISYE6669_Deterministic-Optimization/exam/mid_term_prep.tex:125: LaTeX Error: Unicode character 目 (U+76EE)
               not set up for use with LaTeX.

See the LaTeX manual or LaTeX Companion for explanation.
Type  H <return>  for immediate help.
 ...                                              
                                                  
l.125 ...text width=4cm] {【max問題】\\ 1. 目
                                                  的関数 $f(x)$ が凹関...
You may provide a definition with
\DeclareUnicodeCharacter 


/Users/ryosuke.umeda/codes/OMSCS/ISYE6669_Deterministic-Optimization/exam/mid_term_prep.tex:125: LaTeX Error: Unicode character 的 (U+7684)
               not set up for use with LaTeX.

See the LaTeX manual or LaTeX Companion for explanation.
Type  H <return>  for immediate help.
 ...                                              
                                                  
l.125 ...t width=4cm] {【max問題】\\ 1. 目的
                                                  関数 $f(x)$ が凹関数...
You may provide a definition with
\DeclareUnicodeCharacter 


/Users/ryosuke.umeda/codes/OMSCS/ISYE6669_Deterministic-Optimization/exam/mid_term_prep.tex:125: LaTeX Error: Unicode character 関 (U+95A2)
               not set up for use with LaTeX.

See the LaTeX manual or LaTeX Companion for explanation.
Type  H <return>  for immediate help.
 ...                                              
                                                  
l.125 ...idth=4cm] {【max問題】\\ 1. 目的関
                                                  数 $f(x)$ が凹関数\\ ...
You may provide a definition with
\DeclareUnicodeCharacter 


/Users/ryosuke.umeda/codes/OMSCS/ISYE6669_Deterministic-Optimization/exam/mid_term_prep.tex:125: LaTeX Error: Unicode character 数 (U+6570)
               not set up for use with LaTeX.

See the LaTeX manual or LaTeX Companion for explanation.
Type  H <return>  for immediate help.
 ...                                              
                                                  
l.125 ...h=4cm] {【max問題】\\ 1. 目的関数
                                                   $f(x)$ が凹関数\\ 2. ...
You may provide a definition with
\DeclareUnicodeCharacter 


/Users/ryosuke.umeda/codes/OMSCS/ISYE6669_Deterministic-Optimization/exam/mid_term_prep.tex:125: LaTeX Error: Unicode character が (U+304C)
               not set up for use with LaTeX.

See the LaTeX manual or LaTeX Companion for explanation.
Type  H <return>  for immediate help.
 ...                                              
                                                  
l.125 ...max問題】\\ 1. 目的関数 $f(x)$ が
                                                  凹関数\\ 2. 実行可�...
You may provide a definition with
\DeclareUnicodeCharacter 


/Users/ryosuke.umeda/codes/OMSCS/ISYE6669_Deterministic-Optimization/exam/mid_term_prep.tex:125: LaTeX Error: Unicode character 凹 (U+51F9)
               not set up for use with LaTeX.

See the LaTeX manual or LaTeX Companion for explanation.
Type  H <return>  for immediate help.
 ...                                              
                                                  
l.125 ...問題】\\ 1. 目的関数 $f(x)$ が凹
                                                  関数\\ 2. 実行可能�...
You may provide a definition with
\DeclareUnicodeCharacter 


/Users/ryosuke.umeda/codes/OMSCS/ISYE6669_Deterministic-Optimization/exam/mid_term_prep.tex:125: LaTeX Error: Unicode character 関 (U+95A2)
               not set up for use with LaTeX.

See the LaTeX manual or LaTeX Companion for explanation.
Type  H <return>  for immediate help.
 ...                                              
                                                  
l.125 ...題】\\ 1. 目的関数 $f(x)$ が凹関
                                                  数\\ 2. 実行可能領�...
You may provide a definition with
\DeclareUnicodeCharacter 


/Users/ryosuke.umeda/codes/OMSCS/ISYE6669_Deterministic-Optimization/exam/mid_term_prep.tex:125: LaTeX Error: Unicode character 数 (U+6570)
               not set up for use with LaTeX.

See the LaTeX manual or LaTeX Companion for explanation.
Type  H <return>  for immediate help.
 ...                                              
                                                  
l.125 ...】\\ 1. 目的関数 $f(x)$ が凹関数
                                                  \\ 2. 実行可能領域�...
You may provide a definition with
\DeclareUnicodeCharacter 


/Users/ryosuke.umeda/codes/OMSCS/ISYE6669_Deterministic-Optimization/exam/mid_term_prep.tex:125: LaTeX Error: Unicode character 実 (U+5B9F)
               not set up for use with LaTeX.

See the LaTeX manual or LaTeX Companion for explanation.
Type  H <return>  for immediate help.
 ...                                              
                                                  
l.125 ...目的関数 $f(x)$ が凹関数\\ 2. 実
                                                  行可能領域が凸集合};
You may provide a definition with
\DeclareUnicodeCharacter 


/Users/ryosuke.umeda/codes/OMSCS/ISYE6669_Deterministic-Optimization/exam/mid_term_prep.tex:125: LaTeX Error: Unicode character 行 (U+884C)
               not set up for use with LaTeX.

See the LaTeX manual or LaTeX Companion for explanation.
Type  H <return>  for immediate help.
 ...                                              
                                                  
l.125 ...的関数 $f(x)$ が凹関数\\ 2. 実行
                                                  可能領域が凸集合};
You may provide a definition with
\DeclareUnicodeCharacter 


/Users/ryosuke.umeda/codes/OMSCS/ISYE6669_Deterministic-Optimization/exam/mid_term_prep.tex:125: LaTeX Error: Unicode character 可 (U+53EF)
               not set up for use with LaTeX.

See the LaTeX manual or LaTeX Companion for explanation.
Type  H <return>  for immediate help.
 ...                                              
                                                  
l.125 ...関数 $f(x)$ が凹関数\\ 2. 実行可
                                                  能領域が凸集合};
You may provide a definition with
\DeclareUnicodeCharacter 


/Users/ryosuke.umeda/codes/OMSCS/ISYE6669_Deterministic-Optimization/exam/mid_term_prep.tex:125: LaTeX Error: Unicode character 能 (U+80FD)
               not set up for use with LaTeX.

See the LaTeX manual or LaTeX Companion for explanation.
Type  H <return>  for immediate help.
 ...                                              
                                                  
l.125 ...数 $f(x)$ が凹関数\\ 2. 実行可能
                                                  領域が凸集合};
You may provide a definition with
\DeclareUnicodeCharacter 


/Users/ryosuke.umeda/codes/OMSCS/ISYE6669_Deterministic-Optimization/exam/mid_term_prep.tex:125: LaTeX Error: Unicode character 領 (U+9818)
               not set up for use with LaTeX.

See the LaTeX manual or LaTeX Companion for explanation.
Type  H <return>  for immediate help.
 ...                                              
                                                  
l.125 ... $f(x)$ が凹関数\\ 2. 実行可能領
                                                  域が凸集合};
You may provide a definition with
\DeclareUnicodeCharacter 


/Users/ryosuke.umeda/codes/OMSCS/ISYE6669_Deterministic-Optimization/exam/mid_term_prep.tex:125: LaTeX Error: Unicode character 域 (U+57DF)
               not set up for use with LaTeX.

See the LaTeX manual or LaTeX Companion for explanation.
Type  H <return>  for immediate help.
 ...                                              
                                                  
l.125 ...(x)$ が凹関数\\ 2. 実行可能領域
                                                  が凸集合};
You may provide a definition with
\DeclareUnicodeCharacter 


/Users/ryosuke.umeda/codes/OMSCS/ISYE6669_Deterministic-Optimization/exam/mid_term_prep.tex:125: LaTeX Error: Unicode character が (U+304C)
               not set up for use with LaTeX.

See the LaTeX manual or LaTeX Companion for explanation.
Type  H <return>  for immediate help.
 ...                                              
                                                  
l.125 ...$ が凹関数\\ 2. 実行可能領域が
                                                  凸集合};
You may provide a definition with
\DeclareUnicodeCharacter 


/Users/ryosuke.umeda/codes/OMSCS/ISYE6669_Deterministic-Optimization/exam/mid_term_prep.tex:125: LaTeX Error: Unicode character 凸 (U+51F8)
               not set up for use with LaTeX.

See the LaTeX manual or LaTeX Companion for explanation.
Type  H <return>  for immediate help.
 ...                                              
                                                  
l.125 ...��凹関数\\ 2. 実行可能領域が凸
                                                  集合};
You may provide a definition with
\DeclareUnicodeCharacter 


/Users/ryosuke.umeda/codes/OMSCS/ISYE6669_Deterministic-Optimization/exam/mid_term_prep.tex:125: LaTeX Error: Unicode character 集 (U+96C6)
               not set up for use with LaTeX.

See the LaTeX manual or LaTeX Companion for explanation.
Type  H <return>  for immediate help.
 ...                                              
                                                  
l.125 ...��関数\\ 2. 実行可能領域が凸集
                                                  合};
You may provide a definition with
\DeclareUnicodeCharacter 


/Users/ryosuke.umeda/codes/OMSCS/ISYE6669_Deterministic-Optimization/exam/mid_term_prep.tex:125: LaTeX Error: Unicode character 合 (U+5408)
               not set up for use with LaTeX.

See the LaTeX manual or LaTeX Companion for explanation.
Type  H <return>  for immediate help.
 ...                                              
                                                  
l.125 ...��数\\ 2. 実行可能領域が凸集合
                                                  };
You may provide a definition with
\DeclareUnicodeCharacter 


/Users/ryosuke.umeda/codes/OMSCS/ISYE6669_Deterministic-Optimization/exam/mid_term_prep.tex:126: LaTeX Error: Unicode character 両 (U+4E21)
               not set up for use with LaTeX.

See the LaTeX manual or LaTeX Companion for explanation.
Type  H <return>  for immediate help.
 ...                                              
                                                  
l.126 ...lt1) [rectangle, draw, below of=min] {両
                                                  方YES $\rightarrow$ 凸�...
You may provide a definition with
\DeclareUnicodeCharacter 


/Users/ryosuke.umeda/codes/OMSCS/ISYE6669_Deterministic-Optimization/exam/mid_term_prep.tex:126: LaTeX Error: Unicode character 方 (U+65B9)
               not set up for use with LaTeX.

See the LaTeX manual or LaTeX Companion for explanation.
Type  H <return>  for immediate help.
 ...                                              
                                                  
l.126 ...) [rectangle, draw, below of=min] {両方
                                                  YES $\rightarrow$ 凸計�...
You may provide a definition with
\DeclareUnicodeCharacter 


/Users/ryosuke.umeda/codes/OMSCS/ISYE6669_Deterministic-Optimization/exam/mid_term_prep.tex:126: LaTeX Error: Unicode character 凸 (U+51F8)
               not set up for use with LaTeX.

See the LaTeX manual or LaTeX Companion for explanation.
Type  H <return>  for immediate help.
 ...                                              
                                                  
l.126 ...elow of=min] {両方YES $\rightarrow$ 凸
                                                  計画問題};
You may provide a definition with
\DeclareUnicodeCharacter 


/Users/ryosuke.umeda/codes/OMSCS/ISYE6669_Deterministic-Optimization/exam/mid_term_prep.tex:126: LaTeX Error: Unicode character 計 (U+8A08)
               not set up for use with LaTeX.

See the LaTeX manual or LaTeX Companion for explanation.
Type  H <return>  for immediate help.
 ...                                              
                                                  
l.126 ...w of=min] {両方YES $\rightarrow$ 凸計
                                                  画問題};
You may provide a definition with
\DeclareUnicodeCharacter 


/Users/ryosuke.umeda/codes/OMSCS/ISYE6669_Deterministic-Optimization/exam/mid_term_prep.tex:126: LaTeX Error: Unicode character 画 (U+753B)
               not set up for use with LaTeX.

See the LaTeX manual or LaTeX Companion for explanation.
Type  H <return>  for immediate help.
 ...                                              
                                                  
l.126 ...f=min] {両方YES $\rightarrow$ 凸計画
                                                  問題};
You may provide a definition with
\DeclareUnicodeCharacter 


/Users/ryosuke.umeda/codes/OMSCS/ISYE6669_Deterministic-Optimization/exam/mid_term_prep.tex:126: LaTeX Error: Unicode character 問 (U+554F)
               not set up for use with LaTeX.

See the LaTeX manual or LaTeX Companion for explanation.
Type  H <return>  for immediate help.
 ...                                              
                                                  
l.126 ...in] {両方YES $\rightarrow$ 凸計画問
                                                  題};
You may provide a definition with
\DeclareUnicodeCharacter 


/Users/ryosuke.umeda/codes/OMSCS/ISYE6669_Deterministic-Optimization/exam/mid_term_prep.tex:126: LaTeX Error: Unicode character 題 (U+984C)
               not set up for use with LaTeX.

See the LaTeX manual or LaTeX Companion for explanation.
Type  H <return>  for immediate help.
 ...                                              
                                                  
l.126 ... {両方YES $\rightarrow$ 凸計画問題
                                                  };
You may provide a definition with
\DeclareUnicodeCharacter 


/Users/ryosuke.umeda/codes/OMSCS/ISYE6669_Deterministic-Optimization/exam/mid_term_prep.tex:127: LaTeX Error: Unicode character い (U+3044)
               not set up for use with LaTeX.

See the LaTeX manual or LaTeX Companion for explanation.
Type  H <return>  for immediate help.
 ...                                              
                                                  
l.127 ...lt2) [rectangle, draw, below of=max] {い
                                                  ずれかNO $\rightarrow$ ...
You may provide a definition with
\DeclareUnicodeCharacter 


/Users/ryosuke.umeda/codes/OMSCS/ISYE6669_Deterministic-Optimization/exam/mid_term_prep.tex:127: LaTeX Error: Unicode character ず (U+305A)
               not set up for use with LaTeX.

See the LaTeX manual or LaTeX Companion for explanation.
Type  H <return>  for immediate help.
 ...                                              
                                                  
l.127 ...) [rectangle, draw, below of=max] {いず
                                                  れかNO $\rightarrow$ 非...
You may provide a definition with
\DeclareUnicodeCharacter 


/Users/ryosuke.umeda/codes/OMSCS/ISYE6669_Deterministic-Optimization/exam/mid_term_prep.tex:127: LaTeX Error: Unicode character れ (U+308C)
               not set up for use with LaTeX.

See the LaTeX manual or LaTeX Companion for explanation.
Type  H <return>  for immediate help.
 ...                                              
                                                  
l.127 ...rectangle, draw, below of=max] {いずれ
                                                  かNO $\rightarrow$ 非凸};
You may provide a definition with
\DeclareUnicodeCharacter 


/Users/ryosuke.umeda/codes/OMSCS/ISYE6669_Deterministic-Optimization/exam/mid_term_prep.tex:127: LaTeX Error: Unicode character か (U+304B)
               not set up for use with LaTeX.

See the LaTeX manual or LaTeX Companion for explanation.
Type  H <return>  for immediate help.
 ...                                              
                                                  
l.127 ...tangle, draw, below of=max] {いずれか
                                                  NO $\rightarrow$ 非凸};
You may provide a definition with
\DeclareUnicodeCharacter 


/Users/ryosuke.umeda/codes/OMSCS/ISYE6669_Deterministic-Optimization/exam/mid_term_prep.tex:127: LaTeX Error: Unicode character 非 (U+975E)
               not set up for use with LaTeX.

See the LaTeX manual or LaTeX Companion for explanation.
Type  H <return>  for immediate help.
 ...                                              
                                                  
l.127 ...of=max] {いずれかNO $\rightarrow$ 非
                                                  凸};
You may provide a definition with
\DeclareUnicodeCharacter 


/Users/ryosuke.umeda/codes/OMSCS/ISYE6669_Deterministic-Optimization/exam/mid_term_prep.tex:127: LaTeX Error: Unicode character 凸 (U+51F8)
               not set up for use with LaTeX.

See the LaTeX manual or LaTeX Companion for explanation.
Type  H <return>  for immediate help.
 ...                                              
                                                  
l.127 ...max] {いずれかNO $\rightarrow$ 非凸
                                                  };
You may provide a definition with
\DeclareUnicodeCharacter 


/Users/ryosuke.umeda/codes/OMSCS/ISYE6669_Deterministic-Optimization/exam/mid_term_prep.tex:129: Package pgfkeys Error: I do not know the key '/tikz/arrow' and I am going to ignore it. Perhaps you misspelled it.

See the pgfkeys package documentation for explanation.
Type  H <return>  for immediate help.
 ...                                              
                                                  
l.129 \draw [arrow]
                    (start) -- (min);
(That was another \errmessage.)


/Users/ryosuke.umeda/codes/OMSCS/ISYE6669_Deterministic-Optimization/exam/mid_term_prep.tex:130: Package pgfkeys Error: I do not know the key '/tikz/arrow' and I am going to ignore it. Perhaps you misspelled it.

See the pgfkeys package documentation for explanation.
Type  H <return>  for immediate help.
 ...                                              
                                                  
l.130 \draw [arrow]
                    (start) -- (max);
(That was another \errmessage.)


/Users/ryosuke.umeda/codes/OMSCS/ISYE6669_Deterministic-Optimization/exam/mid_term_prep.tex:131: Package pgfkeys Error: I do not know the key '/tikz/arrow' and I am going to ignore it. Perhaps you misspelled it.

See the pgfkeys package documentation for explanation.
Type  H <return>  for immediate help.
 ...                                              
                                                  
l.131 \draw [arrow]
                    (min) -- (result1);
(That was another \errmessage.)


/Users/ryosuke.umeda/codes/OMSCS/ISYE6669_Deterministic-Optimization/exam/mid_term_prep.tex:132: Package pgfkeys Error: I do not know the key '/tikz/arrow' and I am going to ignore it. Perhaps you misspelled it.

See the pgfkeys package documentation for explanation.
Type  H <return>  for immediate help.
 ...                                              
                                                  
l.132 \draw [arrow]
                    (max) -- (result2);
(That was another \errmessage.)


/Users/ryosuke.umeda/codes/OMSCS/ISYE6669_Deterministic-Optimization/exam/mid_term_prep.tex:136: LaTeX Error: Unicode character 線 (U+7DDA)
               not set up for use with LaTeX.

See the LaTeX manual or LaTeX Companion for explanation.
Type  H <return>  for immediate help.
 ...                                              
                                                  
l.136 ...on*{線形計画法 (Linear Programming)}
                                                  
You may provide a definition with
\DeclareUnicodeCharacter 


/Users/ryosuke.umeda/codes/OMSCS/ISYE6669_Deterministic-Optimization/exam/mid_term_prep.tex:136: LaTeX Error: Unicode character 形 (U+5F62)
               not set up for use with LaTeX.

See the LaTeX manual or LaTeX Companion for explanation.
Type  H <return>  for immediate help.
 ...                                              
                                                  
l.136 ...on*{線形計画法 (Linear Programming)}
                                                  
You may provide a definition with
\DeclareUnicodeCharacter 


/Users/ryosuke.umeda/codes/OMSCS/ISYE6669_Deterministic-Optimization/exam/mid_term_prep.tex:136: LaTeX Error: Unicode character 計 (U+8A08)
               not set up for use with LaTeX.

See the LaTeX manual or LaTeX Companion for explanation.
Type  H <return>  for immediate help.
 ...                                              
                                                  
l.136 ...on*{線形計画法 (Linear Programming)}
                                                  
You may provide a definition with
\DeclareUnicodeCharacter 


/Users/ryosuke.umeda/codes/OMSCS/ISYE6669_Deterministic-Optimization/exam/mid_term_prep.tex:136: LaTeX Error: Unicode character 画 (U+753B)
               not set up for use with LaTeX.

See the LaTeX manual or LaTeX Companion for explanation.
Type  H <return>  for immediate help.
 ...                                              
                                                  
l.136 ...on*{線形計画法 (Linear Programming)}
                                                  
You may provide a definition with
\DeclareUnicodeCharacter 


/Users/ryosuke.umeda/codes/OMSCS/ISYE6669_Deterministic-Optimization/exam/mid_term_prep.tex:136: LaTeX Error: Unicode character 法 (U+6CD5)
               not set up for use with LaTeX.

See the LaTeX manual or LaTeX Companion for explanation.
Type  H <return>  for immediate help.
 ...                                              
                                                  
l.136 ...on*{線形計画法 (Linear Programming)}
                                                  
You may provide a definition with
\DeclareUnicodeCharacter 


/Users/ryosuke.umeda/codes/OMSCS/ISYE6669_Deterministic-Optimization/exam/mid_term_prep.tex:137: LaTeX Error: Unicode character 標 (U+6A19)
               not set up for use with LaTeX.

See the LaTeX manual or LaTeX Companion for explanation.
Type  H <return>  for immediate help.
 ...                                              
                                                  
l.137 \textbf{標準形}
                        :
You may provide a definition with
\DeclareUnicodeCharacter 


/Users/ryosuke.umeda/codes/OMSCS/ISYE6669_Deterministic-Optimization/exam/mid_term_prep.tex:137: LaTeX Error: Unicode character 準 (U+6E96)
               not set up for use with LaTeX.

See the LaTeX manual or LaTeX Companion for explanation.
Type  H <return>  for immediate help.
 ...                                              
                                                  
l.137 \textbf{標準形}
                        :
You may provide a definition with
\DeclareUnicodeCharacter 


/Users/ryosuke.umeda/codes/OMSCS/ISYE6669_Deterministic-Optimization/exam/mid_term_prep.tex:137: LaTeX Error: Unicode character 形 (U+5F62)
               not set up for use with LaTeX.

See the LaTeX manual or LaTeX Companion for explanation.
Type  H <return>  for immediate help.
 ...                                              
                                                  
l.137 \textbf{標準形}
                        :
You may provide a definition with
\DeclareUnicodeCharacter 


/Users/ryosuke.umeda/codes/OMSCS/ISYE6669_Deterministic-Optimization/exam/mid_term_prep.tex:144: LaTeX Error: Unicode character 基 (U+57FA)
               not set up for use with LaTeX.

See the LaTeX manual or LaTeX Companion for explanation.
Type  H <return>  for immediate help.
 ...                                              
                                                  
l.144 \textbf{基本用語}
                           :
You may provide a definition with
\DeclareUnicodeCharacter 


/Users/ryosuke.umeda/codes/OMSCS/ISYE6669_Deterministic-Optimization/exam/mid_term_prep.tex:144: LaTeX Error: Unicode character 本 (U+672C)
               not set up for use with LaTeX.

See the LaTeX manual or LaTeX Companion for explanation.
Type  H <return>  for immediate help.
 ...                                              
                                                  
l.144 \textbf{基本用語}
                           :
You may provide a definition with
\DeclareUnicodeCharacter 


/Users/ryosuke.umeda/codes/OMSCS/ISYE6669_Deterministic-Optimization/exam/mid_term_prep.tex:144: LaTeX Error: Unicode character 用 (U+7528)
               not set up for use with LaTeX.

See the LaTeX manual or LaTeX Companion for explanation.
Type  H <return>  for immediate help.
 ...                                              
                                                  
l.144 \textbf{基本用語}
                           :
You may provide a definition with
\DeclareUnicodeCharacter 


/Users/ryosuke.umeda/codes/OMSCS/ISYE6669_Deterministic-Optimization/exam/mid_term_prep.tex:144: LaTeX Error: Unicode character 語 (U+8A9E)
               not set up for use with LaTeX.

See the LaTeX manual or LaTeX Companion for explanation.
Type  H <return>  for immediate help.
 ...                                              
                                                  
l.144 \textbf{基本用語}
                           :
You may provide a definition with
\DeclareUnicodeCharacter 


/Users/ryosuke.umeda/codes/OMSCS/ISYE6669_Deterministic-Optimization/exam/mid_term_prep.tex:146: LaTeX Error: Unicode character 基 (U+57FA)
               not set up for use with LaTeX.

See the LaTeX manual or LaTeX Companion for explanation.
Type  H <return>  for immediate help.
 ...                                              
                                                  
l.146 \item \textbf{基底解}
                              : $n$個の基底変数の解
You may provide a definition with
\DeclareUnicodeCharacter 


/Users/ryosuke.umeda/codes/OMSCS/ISYE6669_Deterministic-Optimization/exam/mid_term_prep.tex:146: LaTeX Error: Unicode character 底 (U+5E95)
               not set up for use with LaTeX.

See the LaTeX manual or LaTeX Companion for explanation.
Type  H <return>  for immediate help.
 ...                                              
                                                  
l.146 \item \textbf{基底解}
                              : $n$個の基底変数の解
You may provide a definition with
\DeclareUnicodeCharacter 


/Users/ryosuke.umeda/codes/OMSCS/ISYE6669_Deterministic-Optimization/exam/mid_term_prep.tex:146: LaTeX Error: Unicode character 解 (U+89E3)
               not set up for use with LaTeX.

See the LaTeX manual or LaTeX Companion for explanation.
Type  H <return>  for immediate help.
 ...                                              
                                                  
l.146 \item \textbf{基底解}
                              : $n$個の基底変数の解
You may provide a definition with
\DeclareUnicodeCharacter 


/Users/ryosuke.umeda/codes/OMSCS/ISYE6669_Deterministic-Optimization/exam/mid_term_prep.tex:146: LaTeX Error: Unicode character 個 (U+500B)
               not set up for use with LaTeX.

See the LaTeX manual or LaTeX Companion for explanation.
Type  H <return>  for immediate help.
 ...                                              
                                                  
l.146 \item \textbf{基底解}: $n$個
                                      の基底変数の解
You may provide a definition with
\DeclareUnicodeCharacter 


/Users/ryosuke.umeda/codes/OMSCS/ISYE6669_Deterministic-Optimization/exam/mid_term_prep.tex:146: LaTeX Error: Unicode character の (U+306E)
               not set up for use with LaTeX.

See the LaTeX manual or LaTeX Companion for explanation.
Type  H <return>  for immediate help.
 ...                                              
                                                  
l.146 \item \textbf{基底解}: $n$個の
                                         基底変数の解
You may provide a definition with
\DeclareUnicodeCharacter 


/Users/ryosuke.umeda/codes/OMSCS/ISYE6669_Deterministic-Optimization/exam/mid_term_prep.tex:146: LaTeX Error: Unicode character 基 (U+57FA)
               not set up for use with LaTeX.

See the LaTeX manual or LaTeX Companion for explanation.
Type  H <return>  for immediate help.
 ...                                              
                                                  
l.146 \item \textbf{基底解}: $n$個の基
                                            底変数の解
You may provide a definition with
\DeclareUnicodeCharacter 


/Users/ryosuke.umeda/codes/OMSCS/ISYE6669_Deterministic-Optimization/exam/mid_term_prep.tex:146: LaTeX Error: Unicode character 底 (U+5E95)
               not set up for use with LaTeX.

See the LaTeX manual or LaTeX Companion for explanation.
Type  H <return>  for immediate help.
 ...                                              
                                                  
l.146 \item \textbf{基底解}: $n$個の基底
                                               変数の解
You may provide a definition with
\DeclareUnicodeCharacter 


/Users/ryosuke.umeda/codes/OMSCS/ISYE6669_Deterministic-Optimization/exam/mid_term_prep.tex:146: LaTeX Error: Unicode character 変 (U+5909)
               not set up for use with LaTeX.

See the LaTeX manual or LaTeX Companion for explanation.
Type  H <return>  for immediate help.
 ...                                              
                                                  
l.146 \item \textbf{基底解}: $n$個の基底変
                                                  数の解
You may provide a definition with
\DeclareUnicodeCharacter 


/Users/ryosuke.umeda/codes/OMSCS/ISYE6669_Deterministic-Optimization/exam/mid_term_prep.tex:146: LaTeX Error: Unicode character 数 (U+6570)
               not set up for use with LaTeX.

See the LaTeX manual or LaTeX Companion for explanation.
Type  H <return>  for immediate help.
 ...                                              
                                                  
l.146 ...\textbf{基底解}: $n$個の基底変数
                                                  の解
You may provide a definition with
\DeclareUnicodeCharacter 


/Users/ryosuke.umeda/codes/OMSCS/ISYE6669_Deterministic-Optimization/exam/mid_term_prep.tex:146: LaTeX Error: Unicode character の (U+306E)
               not set up for use with LaTeX.

See the LaTeX manual or LaTeX Companion for explanation.
Type  H <return>  for immediate help.
 ...                                              
                                                  
l.146 ...xtbf{基底解}: $n$個の基底変数の
                                                  解
You may provide a definition with
\DeclareUnicodeCharacter 


/Users/ryosuke.umeda/codes/OMSCS/ISYE6669_Deterministic-Optimization/exam/mid_term_prep.tex:146: LaTeX Error: Unicode character 解 (U+89E3)
               not set up for use with LaTeX.

See the LaTeX manual or LaTeX Companion for explanation.
Type  H <return>  for immediate help.
 ...                                              
                                                  
l.146 ...f{基底解}: $n$個の基底変数の解
                                                  
You may provide a definition with
\DeclareUnicodeCharacter 


/Users/ryosuke.umeda/codes/OMSCS/ISYE6669_Deterministic-Optimization/exam/mid_term_prep.tex:147: LaTeX Error: Unicode character 基 (U+57FA)
               not set up for use with LaTeX.

See the LaTeX manual or LaTeX Companion for explanation.
Type  H <return>  for immediate help.
 ...                                              
                                                  
l.147 \item \textbf{基本実行可能解 (BFS)}
                                                : 基底解かつ実行可能
You may provide a definition with
\DeclareUnicodeCharacter 


/Users/ryosuke.umeda/codes/OMSCS/ISYE6669_Deterministic-Optimization/exam/mid_term_prep.tex:147: LaTeX Error: Unicode character 本 (U+672C)
               not set up for use with LaTeX.

See the LaTeX manual or LaTeX Companion for explanation.
Type  H <return>  for immediate help.
 ...                                              
                                                  
l.147 \item \textbf{基本実行可能解 (BFS)}
                                                : 基底解かつ実行可能
You may provide a definition with
\DeclareUnicodeCharacter 


/Users/ryosuke.umeda/codes/OMSCS/ISYE6669_Deterministic-Optimization/exam/mid_term_prep.tex:147: LaTeX Error: Unicode character 実 (U+5B9F)
               not set up for use with LaTeX.

See the LaTeX manual or LaTeX Companion for explanation.
Type  H <return>  for immediate help.
 ...                                              
                                                  
l.147 \item \textbf{基本実行可能解 (BFS)}
                                                : 基底解かつ実行可能
You may provide a definition with
\DeclareUnicodeCharacter 


/Users/ryosuke.umeda/codes/OMSCS/ISYE6669_Deterministic-Optimization/exam/mid_term_prep.tex:147: LaTeX Error: Unicode character 行 (U+884C)
               not set up for use with LaTeX.

See the LaTeX manual or LaTeX Companion for explanation.
Type  H <return>  for immediate help.
 ...                                              
                                                  
l.147 \item \textbf{基本実行可能解 (BFS)}
                                                : 基底解かつ実行可能
You may provide a definition with
\DeclareUnicodeCharacter 


/Users/ryosuke.umeda/codes/OMSCS/ISYE6669_Deterministic-Optimization/exam/mid_term_prep.tex:147: LaTeX Error: Unicode character 可 (U+53EF)
               not set up for use with LaTeX.

See the LaTeX manual or LaTeX Companion for explanation.
Type  H <return>  for immediate help.
 ...                                              
                                                  
l.147 \item \textbf{基本実行可能解 (BFS)}
                                                : 基底解かつ実行可能
You may provide a definition with
\DeclareUnicodeCharacter 


/Users/ryosuke.umeda/codes/OMSCS/ISYE6669_Deterministic-Optimization/exam/mid_term_prep.tex:147: LaTeX Error: Unicode character 能 (U+80FD)
               not set up for use with LaTeX.

See the LaTeX manual or LaTeX Companion for explanation.
Type  H <return>  for immediate help.
 ...                                              
                                                  
l.147 \item \textbf{基本実行可能解 (BFS)}
                                                : 基底解かつ実行可能
You may provide a definition with
\DeclareUnicodeCharacter 


/Users/ryosuke.umeda/codes/OMSCS/ISYE6669_Deterministic-Optimization/exam/mid_term_prep.tex:147: LaTeX Error: Unicode character 解 (U+89E3)
               not set up for use with LaTeX.

See the LaTeX manual or LaTeX Companion for explanation.
Type  H <return>  for immediate help.
 ...                                              
                                                  
l.147 \item \textbf{基本実行可能解 (BFS)}
                                                : 基底解かつ実行可能
You may provide a definition with
\DeclareUnicodeCharacter 


/Users/ryosuke.umeda/codes/OMSCS/ISYE6669_Deterministic-Optimization/exam/mid_term_prep.tex:147: LaTeX Error: Unicode character 基 (U+57FA)
               not set up for use with LaTeX.

See the LaTeX manual or LaTeX Companion for explanation.
Type  H <return>  for immediate help.
 ...                                              
                                                  
l.147 ...\textbf{基本実行可能解 (BFS)}: 基
                                                  底解かつ実行可能
You may provide a definition with
\DeclareUnicodeCharacter 


/Users/ryosuke.umeda/codes/OMSCS/ISYE6669_Deterministic-Optimization/exam/mid_term_prep.tex:147: LaTeX Error: Unicode character 底 (U+5E95)
               not set up for use with LaTeX.

See the LaTeX manual or LaTeX Companion for explanation.
Type  H <return>  for immediate help.
 ...                                              
                                                  
l.147 ...xtbf{基本実行可能解 (BFS)}: 基底
                                                  解かつ実行可能
You may provide a definition with
\DeclareUnicodeCharacter 


/Users/ryosuke.umeda/codes/OMSCS/ISYE6669_Deterministic-Optimization/exam/mid_term_prep.tex:147: LaTeX Error: Unicode character 解 (U+89E3)
               not set up for use with LaTeX.

See the LaTeX manual or LaTeX Companion for explanation.
Type  H <return>  for immediate help.
 ...                                              
                                                  
l.147 ...f{基本実行可能解 (BFS)}: 基底解
                                                  かつ実行可能
You may provide a definition with
\DeclareUnicodeCharacter 


/Users/ryosuke.umeda/codes/OMSCS/ISYE6669_Deterministic-Optimization/exam/mid_term_prep.tex:147: LaTeX Error: Unicode character か (U+304B)
               not set up for use with LaTeX.

See the LaTeX manual or LaTeX Companion for explanation.
Type  H <return>  for immediate help.
 ...                                              
                                                  
l.147 ...��本実行可能解 (BFS)}: 基底解か
                                                  つ実行可能
You may provide a definition with
\DeclareUnicodeCharacter 


/Users/ryosuke.umeda/codes/OMSCS/ISYE6669_Deterministic-Optimization/exam/mid_term_prep.tex:147: LaTeX Error: Unicode character つ (U+3064)
               not set up for use with LaTeX.

See the LaTeX manual or LaTeX Companion for explanation.
Type  H <return>  for immediate help.
 ...                                              
                                                  
l.147 ...��実行可能解 (BFS)}: 基底解かつ
                                                  実行可能
You may provide a definition with
\DeclareUnicodeCharacter 


/Users/ryosuke.umeda/codes/OMSCS/ISYE6669_Deterministic-Optimization/exam/mid_term_prep.tex:147: LaTeX Error: Unicode character 実 (U+5B9F)
               not set up for use with LaTeX.

See the LaTeX manual or LaTeX Companion for explanation.
Type  H <return>  for immediate help.
 ...                                              
                                                  
l.147 ...��行可能解 (BFS)}: 基底解かつ実
                                                  行可能
You may provide a definition with
\DeclareUnicodeCharacter 


/Users/ryosuke.umeda/codes/OMSCS/ISYE6669_Deterministic-Optimization/exam/mid_term_prep.tex:147: LaTeX Error: Unicode character 行 (U+884C)
               not set up for use with LaTeX.

See the LaTeX manual or LaTeX Companion for explanation.
Type  H <return>  for immediate help.
 ...                                              
                                                  
l.147 ...��可能解 (BFS)}: 基底解かつ実行
                                                  可能
You may provide a definition with
\DeclareUnicodeCharacter 


/Users/ryosuke.umeda/codes/OMSCS/ISYE6669_Deterministic-Optimization/exam/mid_term_prep.tex:147: LaTeX Error: Unicode character 可 (U+53EF)
               not set up for use with LaTeX.

See the LaTeX manual or LaTeX Companion for explanation.
Type  H <return>  for immediate help.
 ...                                              
                                                  
l.147 ...��能解 (BFS)}: 基底解かつ実行可
                                                  能
You may provide a definition with
\DeclareUnicodeCharacter 


/Users/ryosuke.umeda/codes/OMSCS/ISYE6669_Deterministic-Optimization/exam/mid_term_prep.tex:147: LaTeX Error: Unicode character 能 (U+80FD)
               not set up for use with LaTeX.

See the LaTeX manual or LaTeX Companion for explanation.
Type  H <return>  for immediate help.
 ...                                              
                                                  
l.147 ...��解 (BFS)}: 基底解かつ実行可能
                                                  
You may provide a definition with
\DeclareUnicodeCharacter 


/Users/ryosuke.umeda/codes/OMSCS/ISYE6669_Deterministic-Optimization/exam/mid_term_prep.tex:148: LaTeX Error: Unicode character 退 (U+9000)
               not set up for use with LaTeX.

See the LaTeX manual or LaTeX Companion for explanation.
Type  H <return>  for immediate help.
 ...                                              
                                                  
l.148 \item \textbf{退化}
                           : 基本変数の値が0
You may provide a definition with
\DeclareUnicodeCharacter 


/Users/ryosuke.umeda/codes/OMSCS/ISYE6669_Deterministic-Optimization/exam/mid_term_prep.tex:148: LaTeX Error: Unicode character 化 (U+5316)
               not set up for use with LaTeX.

See the LaTeX manual or LaTeX Companion for explanation.
Type  H <return>  for immediate help.
 ...                                              
                                                  
l.148 \item \textbf{退化}
                           : 基本変数の値が0
You may provide a definition with
\DeclareUnicodeCharacter 


/Users/ryosuke.umeda/codes/OMSCS/ISYE6669_Deterministic-Optimization/exam/mid_term_prep.tex:148: LaTeX Error: Unicode character 基 (U+57FA)
               not set up for use with LaTeX.

See the LaTeX manual or LaTeX Companion for explanation.
Type  H <return>  for immediate help.
 ...                                              
                                                  
l.148 \item \textbf{退化}: 基
                                本変数の値が0
You may provide a definition with
\DeclareUnicodeCharacter 


/Users/ryosuke.umeda/codes/OMSCS/ISYE6669_Deterministic-Optimization/exam/mid_term_prep.tex:148: LaTeX Error: Unicode character 本 (U+672C)
               not set up for use with LaTeX.

See the LaTeX manual or LaTeX Companion for explanation.
Type  H <return>  for immediate help.
 ...                                              
                                                  
l.148 \item \textbf{退化}: 基本
                                   変数の値が0
You may provide a definition with
\DeclareUnicodeCharacter 


/Users/ryosuke.umeda/codes/OMSCS/ISYE6669_Deterministic-Optimization/exam/mid_term_prep.tex:148: LaTeX Error: Unicode character 変 (U+5909)
               not set up for use with LaTeX.

See the LaTeX manual or LaTeX Companion for explanation.
Type  H <return>  for immediate help.
 ...                                              
                                                  
l.148 \item \textbf{退化}: 基本変
                                      数の値が0
You may provide a definition with
\DeclareUnicodeCharacter 


/Users/ryosuke.umeda/codes/OMSCS/ISYE6669_Deterministic-Optimization/exam/mid_term_prep.tex:148: LaTeX Error: Unicode character 数 (U+6570)
               not set up for use with LaTeX.

See the LaTeX manual or LaTeX Companion for explanation.
Type  H <return>  for immediate help.
 ...                                              
                                                  
l.148 \item \textbf{退化}: 基本変数
                                         の値が0
You may provide a definition with
\DeclareUnicodeCharacter 


/Users/ryosuke.umeda/codes/OMSCS/ISYE6669_Deterministic-Optimization/exam/mid_term_prep.tex:148: LaTeX Error: Unicode character の (U+306E)
               not set up for use with LaTeX.

See the LaTeX manual or LaTeX Companion for explanation.
Type  H <return>  for immediate help.
 ...                                              
                                                  
l.148 \item \textbf{退化}: 基本変数の
                                            値が0
You may provide a definition with
\DeclareUnicodeCharacter 


/Users/ryosuke.umeda/codes/OMSCS/ISYE6669_Deterministic-Optimization/exam/mid_term_prep.tex:148: LaTeX Error: Unicode character 値 (U+5024)
               not set up for use with LaTeX.

See the LaTeX manual or LaTeX Companion for explanation.
Type  H <return>  for immediate help.
 ...                                              
                                                  
l.148 \item \textbf{退化}: 基本変数の値
                                               が0
You may provide a definition with
\DeclareUnicodeCharacter 


/Users/ryosuke.umeda/codes/OMSCS/ISYE6669_Deterministic-Optimization/exam/mid_term_prep.tex:148: LaTeX Error: Unicode character が (U+304C)
               not set up for use with LaTeX.

See the LaTeX manual or LaTeX Companion for explanation.
Type  H <return>  for immediate help.
 ...                                              
                                                  
l.148 \item \textbf{退化}: 基本変数の値が
                                                  0
You may provide a definition with
\DeclareUnicodeCharacter 


/Users/ryosuke.umeda/codes/OMSCS/ISYE6669_Deterministic-Optimization/exam/mid_term_prep.tex:149: LaTeX Error: Unicode character 極 (U+6975)
               not set up for use with LaTeX.

See the LaTeX manual or LaTeX Companion for explanation.
Type  H <return>  for immediate help.
 ...                                              
                                                  
l.149 \item \textbf{極端点}
                              : 多面体の頂点
You may provide a definition with
\DeclareUnicodeCharacter 


/Users/ryosuke.umeda/codes/OMSCS/ISYE6669_Deterministic-Optimization/exam/mid_term_prep.tex:149: LaTeX Error: Unicode character 端 (U+7AEF)
               not set up for use with LaTeX.

See the LaTeX manual or LaTeX Companion for explanation.
Type  H <return>  for immediate help.
 ...                                              
                                                  
l.149 \item \textbf{極端点}
                              : 多面体の頂点
You may provide a definition with
\DeclareUnicodeCharacter 


/Users/ryosuke.umeda/codes/OMSCS/ISYE6669_Deterministic-Optimization/exam/mid_term_prep.tex:149: LaTeX Error: Unicode character 点 (U+70B9)
               not set up for use with LaTeX.

See the LaTeX manual or LaTeX Companion for explanation.
Type  H <return>  for immediate help.
 ...                                              
                                                  
l.149 \item \textbf{極端点}
                              : 多面体の頂点
You may provide a definition with
\DeclareUnicodeCharacter 


/Users/ryosuke.umeda/codes/OMSCS/ISYE6669_Deterministic-Optimization/exam/mid_term_prep.tex:149: LaTeX Error: Unicode character 多 (U+591A)
               not set up for use with LaTeX.

See the LaTeX manual or LaTeX Companion for explanation.
Type  H <return>  for immediate help.
 ...                                              
                                                  
l.149 \item \textbf{極端点}: 多
                                   面体の頂点
You may provide a definition with
\DeclareUnicodeCharacter 


/Users/ryosuke.umeda/codes/OMSCS/ISYE6669_Deterministic-Optimization/exam/mid_term_prep.tex:149: LaTeX Error: Unicode character 面 (U+9762)
               not set up for use with LaTeX.

See the LaTeX manual or LaTeX Companion for explanation.
Type  H <return>  for immediate help.
 ...                                              
                                                  
l.149 \item \textbf{極端点}: 多面
                                      体の頂点
You may provide a definition with
\DeclareUnicodeCharacter 


/Users/ryosuke.umeda/codes/OMSCS/ISYE6669_Deterministic-Optimization/exam/mid_term_prep.tex:149: LaTeX Error: Unicode character 体 (U+4F53)
               not set up for use with LaTeX.

See the LaTeX manual or LaTeX Companion for explanation.
Type  H <return>  for immediate help.
 ...                                              
                                                  
l.149 \item \textbf{極端点}: 多面体
                                         の頂点
You may provide a definition with
\DeclareUnicodeCharacter 


/Users/ryosuke.umeda/codes/OMSCS/ISYE6669_Deterministic-Optimization/exam/mid_term_prep.tex:149: LaTeX Error: Unicode character の (U+306E)
               not set up for use with LaTeX.

See the LaTeX manual or LaTeX Companion for explanation.
Type  H <return>  for immediate help.
 ...                                              
                                                  
l.149 \item \textbf{極端点}: 多面体の
                                            頂点
You may provide a definition with
\DeclareUnicodeCharacter 


/Users/ryosuke.umeda/codes/OMSCS/ISYE6669_Deterministic-Optimization/exam/mid_term_prep.tex:149: LaTeX Error: Unicode character 頂 (U+9802)
               not set up for use with LaTeX.

See the LaTeX manual or LaTeX Companion for explanation.
Type  H <return>  for immediate help.
 ...                                              
                                                  
l.149 \item \textbf{極端点}: 多面体の頂
                                               点
You may provide a definition with
\DeclareUnicodeCharacter 


/Users/ryosuke.umeda/codes/OMSCS/ISYE6669_Deterministic-Optimization/exam/mid_term_prep.tex:149: LaTeX Error: Unicode character 点 (U+70B9)
               not set up for use with LaTeX.

See the LaTeX manual or LaTeX Companion for explanation.
Type  H <return>  for immediate help.
 ...                                              
                                                  
l.149 \item \textbf{極端点}: 多面体の頂点
                                                  
You may provide a definition with
\DeclareUnicodeCharacter 


/Users/ryosuke.umeda/codes/OMSCS/ISYE6669_Deterministic-Optimization/exam/mid_term_prep.tex:150: LaTeX Error: Unicode character 極 (U+6975)
               not set up for use with LaTeX.

See the LaTeX manual or LaTeX Companion for explanation.
Type  H <return>  for immediate help.
 ...                                              
                                                  
l.150 \item \textbf{極端線}
                              : 無限に延びる方向
You may provide a definition with
\DeclareUnicodeCharacter 


/Users/ryosuke.umeda/codes/OMSCS/ISYE6669_Deterministic-Optimization/exam/mid_term_prep.tex:150: LaTeX Error: Unicode character 端 (U+7AEF)
               not set up for use with LaTeX.

See the LaTeX manual or LaTeX Companion for explanation.
Type  H <return>  for immediate help.
 ...                                              
                                                  
l.150 \item \textbf{極端線}
                              : 無限に延びる方向
You may provide a definition with
\DeclareUnicodeCharacter 


/Users/ryosuke.umeda/codes/OMSCS/ISYE6669_Deterministic-Optimization/exam/mid_term_prep.tex:150: LaTeX Error: Unicode character 線 (U+7DDA)
               not set up for use with LaTeX.

See the LaTeX manual or LaTeX Companion for explanation.
Type  H <return>  for immediate help.
 ...                                              
                                                  
l.150 \item \textbf{極端線}
                              : 無限に延びる方向
You may provide a definition with
\DeclareUnicodeCharacter 


/Users/ryosuke.umeda/codes/OMSCS/ISYE6669_Deterministic-Optimization/exam/mid_term_prep.tex:150: LaTeX Error: Unicode character 無 (U+7121)
               not set up for use with LaTeX.

See the LaTeX manual or LaTeX Companion for explanation.
Type  H <return>  for immediate help.
 ...                                              
                                                  
l.150 \item \textbf{極端線}: 無
                                   限に延びる方向
You may provide a definition with
\DeclareUnicodeCharacter 


/Users/ryosuke.umeda/codes/OMSCS/ISYE6669_Deterministic-Optimization/exam/mid_term_prep.tex:150: LaTeX Error: Unicode character 限 (U+9650)
               not set up for use with LaTeX.

See the LaTeX manual or LaTeX Companion for explanation.
Type  H <return>  for immediate help.
 ...                                              
                                                  
l.150 \item \textbf{極端線}: 無限
                                      に延びる方向
You may provide a definition with
\DeclareUnicodeCharacter 


/Users/ryosuke.umeda/codes/OMSCS/ISYE6669_Deterministic-Optimization/exam/mid_term_prep.tex:150: LaTeX Error: Unicode character に (U+306B)
               not set up for use with LaTeX.

See the LaTeX manual or LaTeX Companion for explanation.
Type  H <return>  for immediate help.
 ...                                              
                                                  
l.150 \item \textbf{極端線}: 無限に
                                         延びる方向
You may provide a definition with
\DeclareUnicodeCharacter 


/Users/ryosuke.umeda/codes/OMSCS/ISYE6669_Deterministic-Optimization/exam/mid_term_prep.tex:150: LaTeX Error: Unicode character 延 (U+5EF6)
               not set up for use with LaTeX.

See the LaTeX manual or LaTeX Companion for explanation.
Type  H <return>  for immediate help.
 ...                                              
                                                  
l.150 \item \textbf{極端線}: 無限に延
                                            びる方向
You may provide a definition with
\DeclareUnicodeCharacter 


/Users/ryosuke.umeda/codes/OMSCS/ISYE6669_Deterministic-Optimization/exam/mid_term_prep.tex:150: LaTeX Error: Unicode character び (U+3073)
               not set up for use with LaTeX.

See the LaTeX manual or LaTeX Companion for explanation.
Type  H <return>  for immediate help.
 ...                                              
                                                  
l.150 \item \textbf{極端線}: 無限に延び
                                               る方向
You may provide a definition with
\DeclareUnicodeCharacter 


/Users/ryosuke.umeda/codes/OMSCS/ISYE6669_Deterministic-Optimization/exam/mid_term_prep.tex:150: LaTeX Error: Unicode character る (U+308B)
               not set up for use with LaTeX.

See the LaTeX manual or LaTeX Companion for explanation.
Type  H <return>  for immediate help.
 ...                                              
                                                  
l.150 \item \textbf{極端線}: 無限に延びる
                                                  方向
You may provide a definition with
\DeclareUnicodeCharacter 


/Users/ryosuke.umeda/codes/OMSCS/ISYE6669_Deterministic-Optimization/exam/mid_term_prep.tex:150: LaTeX Error: Unicode character 方 (U+65B9)
               not set up for use with LaTeX.

See the LaTeX manual or LaTeX Companion for explanation.
Type  H <return>  for immediate help.
 ...                                              
                                                  
l.150 ...\textbf{極端線}: 無限に延びる方
                                                  向
You may provide a definition with
\DeclareUnicodeCharacter 


/Users/ryosuke.umeda/codes/OMSCS/ISYE6669_Deterministic-Optimization/exam/mid_term_prep.tex:150: LaTeX Error: Unicode character 向 (U+5411)
               not set up for use with LaTeX.

See the LaTeX manual or LaTeX Companion for explanation.
Type  H <return>  for immediate help.
 ...                                              
                                                  
l.150 ...xtbf{極端線}: 無限に延びる方向
                                                  
You may provide a definition with
\DeclareUnicodeCharacter 


/Users/ryosuke.umeda/codes/OMSCS/ISYE6669_Deterministic-Optimization/exam/mid_term_prep.tex:153: LaTeX Error: Unicode character シ (U+30B7)
               not set up for use with LaTeX.

See the LaTeX manual or LaTeX Companion for explanation.
Type  H <return>  for immediate help.
 ...                                              
                                                  
l.153 \subsection*{シンプレックス法}
                                            
You may provide a definition with
\DeclareUnicodeCharacter 


/Users/ryosuke.umeda/codes/OMSCS/ISYE6669_Deterministic-Optimization/exam/mid_term_prep.tex:153: LaTeX Error: Unicode character ン (U+30F3)
               not set up for use with LaTeX.

See the LaTeX manual or LaTeX Companion for explanation.
Type  H <return>  for immediate help.
 ...                                              
                                                  
l.153 \subsection*{シンプレックス法}
                                            
You may provide a definition with
\DeclareUnicodeCharacter 


/Users/ryosuke.umeda/codes/OMSCS/ISYE6669_Deterministic-Optimization/exam/mid_term_prep.tex:153: LaTeX Error: Unicode character プ (U+30D7)
               not set up for use with LaTeX.

See the LaTeX manual or LaTeX Companion for explanation.
Type  H <return>  for immediate help.
 ...                                              
                                                  
l.153 \subsection*{シンプレックス法}
                                            
You may provide a definition with
\DeclareUnicodeCharacter 


/Users/ryosuke.umeda/codes/OMSCS/ISYE6669_Deterministic-Optimization/exam/mid_term_prep.tex:153: LaTeX Error: Unicode character レ (U+30EC)
               not set up for use with LaTeX.

See the LaTeX manual or LaTeX Companion for explanation.
Type  H <return>  for immediate help.
 ...                                              
                                                  
l.153 \subsection*{シンプレックス法}
                                            
You may provide a definition with
\DeclareUnicodeCharacter 


/Users/ryosuke.umeda/codes/OMSCS/ISYE6669_Deterministic-Optimization/exam/mid_term_prep.tex:153: LaTeX Error: Unicode character ッ (U+30C3)
               not set up for use with LaTeX.

See the LaTeX manual or LaTeX Companion for explanation.
Type  H <return>  for immediate help.
 ...                                              
                                                  
l.153 \subsection*{シンプレックス法}
                                            
You may provide a definition with
\DeclareUnicodeCharacter 


/Users/ryosuke.umeda/codes/OMSCS/ISYE6669_Deterministic-Optimization/exam/mid_term_prep.tex:153: LaTeX Error: Unicode character ク (U+30AF)
               not set up for use with LaTeX.

See the LaTeX manual or LaTeX Companion for explanation.
Type  H <return>  for immediate help.
 ...                                              
                                                  
l.153 \subsection*{シンプレックス法}
                                            
You may provide a definition with
\DeclareUnicodeCharacter 


/Users/ryosuke.umeda/codes/OMSCS/ISYE6669_Deterministic-Optimization/exam/mid_term_prep.tex:153: LaTeX Error: Unicode character ス (U+30B9)
               not set up for use with LaTeX.

See the LaTeX manual or LaTeX Companion for explanation.
Type  H <return>  for immediate help.
 ...                                              
                                                  
l.153 \subsection*{シンプレックス法}
                                            
You may provide a definition with
\DeclareUnicodeCharacter 


/Users/ryosuke.umeda/codes/OMSCS/ISYE6669_Deterministic-Optimization/exam/mid_term_prep.tex:153: LaTeX Error: Unicode character 法 (U+6CD5)
               not set up for use with LaTeX.

See the LaTeX manual or LaTeX Companion for explanation.
Type  H <return>  for immediate help.
 ...                                              
                                                  
l.153 \subsection*{シンプレックス法}
                                            
You may provide a definition with
\DeclareUnicodeCharacter 


/Users/ryosuke.umeda/codes/OMSCS/ISYE6669_Deterministic-Optimization/exam/mid_term_prep.tex:155: LaTeX Error: Unicode character 初 (U+521D)
               not set up for use with LaTeX.

See the LaTeX manual or LaTeX Companion for explanation.
Type  H <return>  for immediate help.
 ...                                              
                                                  
l.155 \item \textbf{初期BFS}
                              を見つける
You may provide a definition with
\DeclareUnicodeCharacter 


/Users/ryosuke.umeda/codes/OMSCS/ISYE6669_Deterministic-Optimization/exam/mid_term_prep.tex:155: LaTeX Error: Unicode character 期 (U+671F)
               not set up for use with LaTeX.

See the LaTeX manual or LaTeX Companion for explanation.
Type  H <return>  for immediate help.
 ...                                              
                                                  
l.155 \item \textbf{初期BFS}
                              を見つける
You may provide a definition with
\DeclareUnicodeCharacter 


/Users/ryosuke.umeda/codes/OMSCS/ISYE6669_Deterministic-Optimization/exam/mid_term_prep.tex:155: LaTeX Error: Unicode character を (U+3092)
               not set up for use with LaTeX.

See the LaTeX manual or LaTeX Companion for explanation.
Type  H <return>  for immediate help.
 ...                                              
                                                  
l.155 \item \textbf{初期BFS}を
                                 見つける
You may provide a definition with
\DeclareUnicodeCharacter 


/Users/ryosuke.umeda/codes/OMSCS/ISYE6669_Deterministic-Optimization/exam/mid_term_prep.tex:155: LaTeX Error: Unicode character 見 (U+898B)
               not set up for use with LaTeX.

See the LaTeX manual or LaTeX Companion for explanation.
Type  H <return>  for immediate help.
 ...                                              
                                                  
l.155 \item \textbf{初期BFS}を見
                                    つける
You may provide a definition with
\DeclareUnicodeCharacter 


/Users/ryosuke.umeda/codes/OMSCS/ISYE6669_Deterministic-Optimization/exam/mid_term_prep.tex:155: LaTeX Error: Unicode character つ (U+3064)
               not set up for use with LaTeX.

See the LaTeX manual or LaTeX Companion for explanation.
Type  H <return>  for immediate help.
 ...                                              
                                                  
l.155 \item \textbf{初期BFS}を見つ
                                       ける
You may provide a definition with
\DeclareUnicodeCharacter 


/Users/ryosuke.umeda/codes/OMSCS/ISYE6669_Deterministic-Optimization/exam/mid_term_prep.tex:155: LaTeX Error: Unicode character け (U+3051)
               not set up for use with LaTeX.

See the LaTeX manual or LaTeX Companion for explanation.
Type  H <return>  for immediate help.
 ...                                              
                                                  
l.155 \item \textbf{初期BFS}を見つけ
                                          る
You may provide a definition with
\DeclareUnicodeCharacter 


/Users/ryosuke.umeda/codes/OMSCS/ISYE6669_Deterministic-Optimization/exam/mid_term_prep.tex:155: LaTeX Error: Unicode character る (U+308B)
               not set up for use with LaTeX.

See the LaTeX manual or LaTeX Companion for explanation.
Type  H <return>  for immediate help.
 ...                                              
                                                  
l.155 \item \textbf{初期BFS}を見つける
                                             
You may provide a definition with
\DeclareUnicodeCharacter 


/Users/ryosuke.umeda/codes/OMSCS/ISYE6669_Deterministic-Optimization/exam/mid_term_prep.tex:156: LaTeX Error: Unicode character 最 (U+6700)
               not set up for use with LaTeX.

See the LaTeX manual or LaTeX Companion for explanation.
Type  H <return>  for immediate help.
 ...                                              
                                                  
l.156 \item \textbf{最適性判定}
                                    : 被約費用 $\leq 0$ なら最適
You may provide a definition with
\DeclareUnicodeCharacter 


/Users/ryosuke.umeda/codes/OMSCS/ISYE6669_Deterministic-Optimization/exam/mid_term_prep.tex:156: LaTeX Error: Unicode character 適 (U+9069)
               not set up for use with LaTeX.

See the LaTeX manual or LaTeX Companion for explanation.
Type  H <return>  for immediate help.
 ...                                              
                                                  
l.156 \item \textbf{最適性判定}
                                    : 被約費用 $\leq 0$ なら最適
You may provide a definition with
\DeclareUnicodeCharacter 


/Users/ryosuke.umeda/codes/OMSCS/ISYE6669_Deterministic-Optimization/exam/mid_term_prep.tex:156: LaTeX Error: Unicode character 性 (U+6027)
               not set up for use with LaTeX.

See the LaTeX manual or LaTeX Companion for explanation.
Type  H <return>  for immediate help.
 ...                                              
                                                  
l.156 \item \textbf{最適性判定}
                                    : 被約費用 $\leq 0$ なら最適
You may provide a definition with
\DeclareUnicodeCharacter 


/Users/ryosuke.umeda/codes/OMSCS/ISYE6669_Deterministic-Optimization/exam/mid_term_prep.tex:156: LaTeX Error: Unicode character 判 (U+5224)
               not set up for use with LaTeX.

See the LaTeX manual or LaTeX Companion for explanation.
Type  H <return>  for immediate help.
 ...                                              
                                                  
l.156 \item \textbf{最適性判定}
                                    : 被約費用 $\leq 0$ なら最適
You may provide a definition with
\DeclareUnicodeCharacter 


/Users/ryosuke.umeda/codes/OMSCS/ISYE6669_Deterministic-Optimization/exam/mid_term_prep.tex:156: LaTeX Error: Unicode character 定 (U+5B9A)
               not set up for use with LaTeX.

See the LaTeX manual or LaTeX Companion for explanation.
Type  H <return>  for immediate help.
 ...                                              
                                                  
l.156 \item \textbf{最適性判定}
                                    : 被約費用 $\leq 0$ なら最適
You may provide a definition with
\DeclareUnicodeCharacter 


/Users/ryosuke.umeda/codes/OMSCS/ISYE6669_Deterministic-Optimization/exam/mid_term_prep.tex:156: LaTeX Error: Unicode character 被 (U+88AB)
               not set up for use with LaTeX.

See the LaTeX manual or LaTeX Companion for explanation.
Type  H <return>  for immediate help.
 ...                                              
                                                  
l.156 \item \textbf{最適性判定}: 被
                                         約費用 $\leq 0$ なら最適
You may provide a definition with
\DeclareUnicodeCharacter 


/Users/ryosuke.umeda/codes/OMSCS/ISYE6669_Deterministic-Optimization/exam/mid_term_prep.tex:156: LaTeX Error: Unicode character 約 (U+7D04)
               not set up for use with LaTeX.

See the LaTeX manual or LaTeX Companion for explanation.
Type  H <return>  for immediate help.
 ...                                              
                                                  
l.156 \item \textbf{最適性判定}: 被約
                                            費用 $\leq 0$ なら最適
You may provide a definition with
\DeclareUnicodeCharacter 


/Users/ryosuke.umeda/codes/OMSCS/ISYE6669_Deterministic-Optimization/exam/mid_term_prep.tex:156: LaTeX Error: Unicode character 費 (U+8CBB)
               not set up for use with LaTeX.

See the LaTeX manual or LaTeX Companion for explanation.
Type  H <return>  for immediate help.
 ...                                              
                                                  
l.156 \item \textbf{最適性判定}: 被約費
                                               用 $\leq 0$ なら最適
You may provide a definition with
\DeclareUnicodeCharacter 


/Users/ryosuke.umeda/codes/OMSCS/ISYE6669_Deterministic-Optimization/exam/mid_term_prep.tex:156: LaTeX Error: Unicode character 用 (U+7528)
               not set up for use with LaTeX.

See the LaTeX manual or LaTeX Companion for explanation.
Type  H <return>  for immediate help.
 ...                                              
                                                  
l.156 \item \textbf{最適性判定}: 被約費用
                                                   $\leq 0$ なら最適
You may provide a definition with
\DeclareUnicodeCharacter 


/Users/ryosuke.umeda/codes/OMSCS/ISYE6669_Deterministic-Optimization/exam/mid_term_prep.tex:156: LaTeX Error: Unicode character な (U+306A)
               not set up for use with LaTeX.

See the LaTeX manual or LaTeX Companion for explanation.
Type  H <return>  for immediate help.
 ...                                              
                                                  
l.156 ...�適性判定}: 被約費用 $\leq 0$ な
                                                  ら最適
You may provide a definition with
\DeclareUnicodeCharacter 


/Users/ryosuke.umeda/codes/OMSCS/ISYE6669_Deterministic-Optimization/exam/mid_term_prep.tex:156: LaTeX Error: Unicode character ら (U+3089)
               not set up for use with LaTeX.

See the LaTeX manual or LaTeX Companion for explanation.
Type  H <return>  for immediate help.
 ...                                              
                                                  
l.156 ...�性判定}: 被約費用 $\leq 0$ なら
                                                  最適
You may provide a definition with
\DeclareUnicodeCharacter 


/Users/ryosuke.umeda/codes/OMSCS/ISYE6669_Deterministic-Optimization/exam/mid_term_prep.tex:156: LaTeX Error: Unicode character 最 (U+6700)
               not set up for use with LaTeX.

See the LaTeX manual or LaTeX Companion for explanation.
Type  H <return>  for immediate help.
 ...                                              
                                                  
l.156 ...�判定}: 被約費用 $\leq 0$ なら最
                                                  適
You may provide a definition with
\DeclareUnicodeCharacter 


/Users/ryosuke.umeda/codes/OMSCS/ISYE6669_Deterministic-Optimization/exam/mid_term_prep.tex:156: LaTeX Error: Unicode character 適 (U+9069)
               not set up for use with LaTeX.

See the LaTeX manual or LaTeX Companion for explanation.
Type  H <return>  for immediate help.
 ...                                              
                                                  
l.156 ...�定}: 被約費用 $\leq 0$ なら最適
                                                  
You may provide a definition with
\DeclareUnicodeCharacter 


/Users/ryosuke.umeda/codes/OMSCS/ISYE6669_Deterministic-Optimization/exam/mid_term_prep.tex:157: LaTeX Error: Unicode character 方 (U+65B9)
               not set up for use with LaTeX.

See the LaTeX manual or LaTeX Companion for explanation.
Type  H <return>  for immediate help.
 ...                                              
                                                  
l.157 \item \textbf{方向決定}
                                 : 入る変数を選択
You may provide a definition with
\DeclareUnicodeCharacter 


/Users/ryosuke.umeda/codes/OMSCS/ISYE6669_Deterministic-Optimization/exam/mid_term_prep.tex:157: LaTeX Error: Unicode character 向 (U+5411)
               not set up for use with LaTeX.

See the LaTeX manual or LaTeX Companion for explanation.
Type  H <return>  for immediate help.
 ...                                              
                                                  
l.157 \item \textbf{方向決定}
                                 : 入る変数を選択
You may provide a definition with
\DeclareUnicodeCharacter 


/Users/ryosuke.umeda/codes/OMSCS/ISYE6669_Deterministic-Optimization/exam/mid_term_prep.tex:157: LaTeX Error: Unicode character 決 (U+6C7A)
               not set up for use with LaTeX.

See the LaTeX manual or LaTeX Companion for explanation.
Type  H <return>  for immediate help.
 ...                                              
                                                  
l.157 \item \textbf{方向決定}
                                 : 入る変数を選択
You may provide a definition with
\DeclareUnicodeCharacter 


/Users/ryosuke.umeda/codes/OMSCS/ISYE6669_Deterministic-Optimization/exam/mid_term_prep.tex:157: LaTeX Error: Unicode character 定 (U+5B9A)
               not set up for use with LaTeX.

See the LaTeX manual or LaTeX Companion for explanation.
Type  H <return>  for immediate help.
 ...                                              
                                                  
l.157 \item \textbf{方向決定}
                                 : 入る変数を選択
You may provide a definition with
\DeclareUnicodeCharacter 


/Users/ryosuke.umeda/codes/OMSCS/ISYE6669_Deterministic-Optimization/exam/mid_term_prep.tex:157: LaTeX Error: Unicode character 入 (U+5165)
               not set up for use with LaTeX.

See the LaTeX manual or LaTeX Companion for explanation.
Type  H <return>  for immediate help.
 ...                                              
                                                  
l.157 \item \textbf{方向決定}: 入
                                      る変数を選択
You may provide a definition with
\DeclareUnicodeCharacter 


/Users/ryosuke.umeda/codes/OMSCS/ISYE6669_Deterministic-Optimization/exam/mid_term_prep.tex:157: LaTeX Error: Unicode character る (U+308B)
               not set up for use with LaTeX.

See the LaTeX manual or LaTeX Companion for explanation.
Type  H <return>  for immediate help.
 ...                                              
                                                  
l.157 \item \textbf{方向決定}: 入る
                                         変数を選択
You may provide a definition with
\DeclareUnicodeCharacter 


/Users/ryosuke.umeda/codes/OMSCS/ISYE6669_Deterministic-Optimization/exam/mid_term_prep.tex:157: LaTeX Error: Unicode character 変 (U+5909)
               not set up for use with LaTeX.

See the LaTeX manual or LaTeX Companion for explanation.
Type  H <return>  for immediate help.
 ...                                              
                                                  
l.157 \item \textbf{方向決定}: 入る変
                                            数を選択
You may provide a definition with
\DeclareUnicodeCharacter 


/Users/ryosuke.umeda/codes/OMSCS/ISYE6669_Deterministic-Optimization/exam/mid_term_prep.tex:157: LaTeX Error: Unicode character 数 (U+6570)
               not set up for use with LaTeX.

See the LaTeX manual or LaTeX Companion for explanation.
Type  H <return>  for immediate help.
 ...                                              
                                                  
l.157 \item \textbf{方向決定}: 入る変数
                                               を選択
You may provide a definition with
\DeclareUnicodeCharacter 


/Users/ryosuke.umeda/codes/OMSCS/ISYE6669_Deterministic-Optimization/exam/mid_term_prep.tex:157: LaTeX Error: Unicode character を (U+3092)
               not set up for use with LaTeX.

See the LaTeX manual or LaTeX Companion for explanation.
Type  H <return>  for immediate help.
 ...                                              
                                                  
l.157 \item \textbf{方向決定}: 入る変数を
                                                  選択
You may provide a definition with
\DeclareUnicodeCharacter 


/Users/ryosuke.umeda/codes/OMSCS/ISYE6669_Deterministic-Optimization/exam/mid_term_prep.tex:157: LaTeX Error: Unicode character 選 (U+9078)
               not set up for use with LaTeX.

See the LaTeX manual or LaTeX Companion for explanation.
Type  H <return>  for immediate help.
 ...                                              
                                                  
l.157 ...\textbf{方向決定}: 入る変数を選
                                                  択
You may provide a definition with
\DeclareUnicodeCharacter 


/Users/ryosuke.umeda/codes/OMSCS/ISYE6669_Deterministic-Optimization/exam/mid_term_prep.tex:157: LaTeX Error: Unicode character 択 (U+629E)
               not set up for use with LaTeX.

See the LaTeX manual or LaTeX Companion for explanation.
Type  H <return>  for immediate help.
 ...                                              
                                                  
l.157 ...xtbf{方向決定}: 入る変数を選択
                                                  
You may provide a definition with
\DeclareUnicodeCharacter 


/Users/ryosuke.umeda/codes/OMSCS/ISYE6669_Deterministic-Optimization/exam/mid_term_prep.tex:158: LaTeX Error: Unicode character ス (U+30B9)
               not set up for use with LaTeX.

See the LaTeX manual or LaTeX Companion for explanation.
Type  H <return>  for immediate help.
 ...                                              
                                                  
l.158 \item \textbf{ステップサイズ}
                                          : 最小比率テスト
You may provide a definition with
\DeclareUnicodeCharacter 


/Users/ryosuke.umeda/codes/OMSCS/ISYE6669_Deterministic-Optimization/exam/mid_term_prep.tex:158: LaTeX Error: Unicode character テ (U+30C6)
               not set up for use with LaTeX.

See the LaTeX manual or LaTeX Companion for explanation.
Type  H <return>  for immediate help.
 ...                                              
                                                  
l.158 \item \textbf{ステップサイズ}
                                          : 最小比率テスト
You may provide a definition with
\DeclareUnicodeCharacter 


/Users/ryosuke.umeda/codes/OMSCS/ISYE6669_Deterministic-Optimization/exam/mid_term_prep.tex:158: LaTeX Error: Unicode character ッ (U+30C3)
               not set up for use with LaTeX.

See the LaTeX manual or LaTeX Companion for explanation.
Type  H <return>  for immediate help.
 ...                                              
                                                  
l.158 \item \textbf{ステップサイズ}
                                          : 最小比率テスト
You may provide a definition with
\DeclareUnicodeCharacter 


/Users/ryosuke.umeda/codes/OMSCS/ISYE6669_Deterministic-Optimization/exam/mid_term_prep.tex:158: LaTeX Error: Unicode character プ (U+30D7)
               not set up for use with LaTeX.

See the LaTeX manual or LaTeX Companion for explanation.
Type  H <return>  for immediate help.
 ...                                              
                                                  
l.158 \item \textbf{ステップサイズ}
                                          : 最小比率テスト
You may provide a definition with
\DeclareUnicodeCharacter 


/Users/ryosuke.umeda/codes/OMSCS/ISYE6669_Deterministic-Optimization/exam/mid_term_prep.tex:158: LaTeX Error: Unicode character サ (U+30B5)
               not set up for use with LaTeX.

See the LaTeX manual or LaTeX Companion for explanation.
Type  H <return>  for immediate help.
 ...                                              
                                                  
l.158 \item \textbf{ステップサイズ}
                                          : 最小比率テスト
You may provide a definition with
\DeclareUnicodeCharacter 


/Users/ryosuke.umeda/codes/OMSCS/ISYE6669_Deterministic-Optimization/exam/mid_term_prep.tex:158: LaTeX Error: Unicode character イ (U+30A4)
               not set up for use with LaTeX.

See the LaTeX manual or LaTeX Companion for explanation.
Type  H <return>  for immediate help.
 ...                                              
                                                  
l.158 \item \textbf{ステップサイズ}
                                          : 最小比率テスト
You may provide a definition with
\DeclareUnicodeCharacter 


/Users/ryosuke.umeda/codes/OMSCS/ISYE6669_Deterministic-Optimization/exam/mid_term_prep.tex:158: LaTeX Error: Unicode character ズ (U+30BA)
               not set up for use with LaTeX.

See the LaTeX manual or LaTeX Companion for explanation.
Type  H <return>  for immediate help.
 ...                                              
                                                  
l.158 \item \textbf{ステップサイズ}
                                          : 最小比率テスト
You may provide a definition with
\DeclareUnicodeCharacter 


/Users/ryosuke.umeda/codes/OMSCS/ISYE6669_Deterministic-Optimization/exam/mid_term_prep.tex:158: LaTeX Error: Unicode character 最 (U+6700)
               not set up for use with LaTeX.

See the LaTeX manual or LaTeX Companion for explanation.
Type  H <return>  for immediate help.
 ...                                              
                                                  
l.158 \item \textbf{ステップサイズ}: 最
                                               小比率テスト
You may provide a definition with
\DeclareUnicodeCharacter 


/Users/ryosuke.umeda/codes/OMSCS/ISYE6669_Deterministic-Optimization/exam/mid_term_prep.tex:158: LaTeX Error: Unicode character 小 (U+5C0F)
               not set up for use with LaTeX.

See the LaTeX manual or LaTeX Companion for explanation.
Type  H <return>  for immediate help.
 ...                                              
                                                  
l.158 \item \textbf{ステップサイズ}: 最小
                                                  比率テスト
You may provide a definition with
\DeclareUnicodeCharacter 


/Users/ryosuke.umeda/codes/OMSCS/ISYE6669_Deterministic-Optimization/exam/mid_term_prep.tex:158: LaTeX Error: Unicode character 比 (U+6BD4)
               not set up for use with LaTeX.

See the LaTeX manual or LaTeX Companion for explanation.
Type  H <return>  for immediate help.
 ...                                              
                                                  
l.158 ...\textbf{ステップサイズ}: 最小比
                                                  率テスト
You may provide a definition with
\DeclareUnicodeCharacter 


/Users/ryosuke.umeda/codes/OMSCS/ISYE6669_Deterministic-Optimization/exam/mid_term_prep.tex:158: LaTeX Error: Unicode character 率 (U+7387)
               not set up for use with LaTeX.

See the LaTeX manual or LaTeX Companion for explanation.
Type  H <return>  for immediate help.
 ...                                              
                                                  
l.158 ...xtbf{ステップサイズ}: 最小比率
                                                  テスト
You may provide a definition with
\DeclareUnicodeCharacter 


/Users/ryosuke.umeda/codes/OMSCS/ISYE6669_Deterministic-Optimization/exam/mid_term_prep.tex:158: LaTeX Error: Unicode character テ (U+30C6)
               not set up for use with LaTeX.

See the LaTeX manual or LaTeX Companion for explanation.
Type  H <return>  for immediate help.
 ...                                              
                                                  
l.158 ...f{ステップサイズ}: 最小比率テ
                                                  スト
You may provide a definition with
\DeclareUnicodeCharacter 


/Users/ryosuke.umeda/codes/OMSCS/ISYE6669_Deterministic-Optimization/exam/mid_term_prep.tex:158: LaTeX Error: Unicode character ス (U+30B9)
               not set up for use with LaTeX.

See the LaTeX manual or LaTeX Companion for explanation.
Type  H <return>  for immediate help.
 ...                                              
                                                  
l.158 ...��テップサイズ}: 最小比率テス
                                                  ト
You may provide a definition with
\DeclareUnicodeCharacter 


/Users/ryosuke.umeda/codes/OMSCS/ISYE6669_Deterministic-Optimization/exam/mid_term_prep.tex:158: LaTeX Error: Unicode character ト (U+30C8)
               not set up for use with LaTeX.

See the LaTeX manual or LaTeX Companion for explanation.
Type  H <return>  for immediate help.
 ...                                              
                                                  
l.158 ...��ップサイズ}: 最小比率テスト
                                                  
You may provide a definition with
\DeclareUnicodeCharacter 


/Users/ryosuke.umeda/codes/OMSCS/ISYE6669_Deterministic-Optimization/exam/mid_term_prep.tex:159: LaTeX Error: Unicode character 基 (U+57FA)
               not set up for use with LaTeX.

See the LaTeX manual or LaTeX Companion for explanation.
Type  H <return>  for immediate help.
 ...                                              
                                                  
l.159 \item \textbf{基底更新}
                                 : 出る変数を決定
You may provide a definition with
\DeclareUnicodeCharacter 


/Users/ryosuke.umeda/codes/OMSCS/ISYE6669_Deterministic-Optimization/exam/mid_term_prep.tex:159: LaTeX Error: Unicode character 底 (U+5E95)
               not set up for use with LaTeX.

See the LaTeX manual or LaTeX Companion for explanation.
Type  H <return>  for immediate help.
 ...                                              
                                                  
l.159 \item \textbf{基底更新}
                                 : 出る変数を決定
You may provide a definition with
\DeclareUnicodeCharacter 


/Users/ryosuke.umeda/codes/OMSCS/ISYE6669_Deterministic-Optimization/exam/mid_term_prep.tex:159: LaTeX Error: Unicode character 更 (U+66F4)
               not set up for use with LaTeX.

See the LaTeX manual or LaTeX Companion for explanation.
Type  H <return>  for immediate help.
 ...                                              
                                                  
l.159 \item \textbf{基底更新}
                                 : 出る変数を決定
You may provide a definition with
\DeclareUnicodeCharacter 


/Users/ryosuke.umeda/codes/OMSCS/ISYE6669_Deterministic-Optimization/exam/mid_term_prep.tex:159: LaTeX Error: Unicode character 新 (U+65B0)
               not set up for use with LaTeX.

See the LaTeX manual or LaTeX Companion for explanation.
Type  H <return>  for immediate help.
 ...                                              
                                                  
l.159 \item \textbf{基底更新}
                                 : 出る変数を決定
You may provide a definition with
\DeclareUnicodeCharacter 


/Users/ryosuke.umeda/codes/OMSCS/ISYE6669_Deterministic-Optimization/exam/mid_term_prep.tex:159: LaTeX Error: Unicode character 出 (U+51FA)
               not set up for use with LaTeX.

See the LaTeX manual or LaTeX Companion for explanation.
Type  H <return>  for immediate help.
 ...                                              
                                                  
l.159 \item \textbf{基底更新}: 出
                                      る変数を決定
You may provide a definition with
\DeclareUnicodeCharacter 


/Users/ryosuke.umeda/codes/OMSCS/ISYE6669_Deterministic-Optimization/exam/mid_term_prep.tex:159: LaTeX Error: Unicode character る (U+308B)
               not set up for use with LaTeX.

See the LaTeX manual or LaTeX Companion for explanation.
Type  H <return>  for immediate help.
 ...                                              
                                                  
l.159 \item \textbf{基底更新}: 出る
                                         変数を決定
You may provide a definition with
\DeclareUnicodeCharacter 


/Users/ryosuke.umeda/codes/OMSCS/ISYE6669_Deterministic-Optimization/exam/mid_term_prep.tex:159: LaTeX Error: Unicode character 変 (U+5909)
               not set up for use with LaTeX.

See the LaTeX manual or LaTeX Companion for explanation.
Type  H <return>  for immediate help.
 ...                                              
                                                  
l.159 \item \textbf{基底更新}: 出る変
                                            数を決定
You may provide a definition with
\DeclareUnicodeCharacter 


/Users/ryosuke.umeda/codes/OMSCS/ISYE6669_Deterministic-Optimization/exam/mid_term_prep.tex:159: LaTeX Error: Unicode character 数 (U+6570)
               not set up for use with LaTeX.

See the LaTeX manual or LaTeX Companion for explanation.
Type  H <return>  for immediate help.
 ...                                              
                                                  
l.159 \item \textbf{基底更新}: 出る変数
                                               を決定
You may provide a definition with
\DeclareUnicodeCharacter 


/Users/ryosuke.umeda/codes/OMSCS/ISYE6669_Deterministic-Optimization/exam/mid_term_prep.tex:159: LaTeX Error: Unicode character を (U+3092)
               not set up for use with LaTeX.

See the LaTeX manual or LaTeX Companion for explanation.
Type  H <return>  for immediate help.
 ...                                              
                                                  
l.159 \item \textbf{基底更新}: 出る変数を
                                                  決定
You may provide a definition with
\DeclareUnicodeCharacter 


/Users/ryosuke.umeda/codes/OMSCS/ISYE6669_Deterministic-Optimization/exam/mid_term_prep.tex:159: LaTeX Error: Unicode character 決 (U+6C7A)
               not set up for use with LaTeX.

See the LaTeX manual or LaTeX Companion for explanation.
Type  H <return>  for immediate help.
 ...                                              
                                                  
l.159 ...\textbf{基底更新}: 出る変数を決
                                                  定
You may provide a definition with
\DeclareUnicodeCharacter 


/Users/ryosuke.umeda/codes/OMSCS/ISYE6669_Deterministic-Optimization/exam/mid_term_prep.tex:159: LaTeX Error: Unicode character 定 (U+5B9A)
               not set up for use with LaTeX.

See the LaTeX manual or LaTeX Companion for explanation.
Type  H <return>  for immediate help.
 ...                                              
                                                  
l.159 ...xtbf{基底更新}: 出る変数を決定
                                                  
You may provide a definition with
\DeclareUnicodeCharacter 


/Users/ryosuke.umeda/codes/OMSCS/ISYE6669_Deterministic-Optimization/exam/mid_term_prep.tex:164: LaTeX Error: Unicode character 特 (U+7279)
               not set up for use with LaTeX.

See the LaTeX manual or LaTeX Companion for explanation.
Type  H <return>  for immediate help.
 ...                                              
                                                  
l.164 \section*{特殊問題と実用公式}
                                            
You may provide a definition with
\DeclareUnicodeCharacter 


/Users/ryosuke.umeda/codes/OMSCS/ISYE6669_Deterministic-Optimization/exam/mid_term_prep.tex:164: LaTeX Error: Unicode character 殊 (U+6B8A)
               not set up for use with LaTeX.

See the LaTeX manual or LaTeX Companion for explanation.
Type  H <return>  for immediate help.
 ...                                              
                                                  
l.164 \section*{特殊問題と実用公式}
                                            
You may provide a definition with
\DeclareUnicodeCharacter 


/Users/ryosuke.umeda/codes/OMSCS/ISYE6669_Deterministic-Optimization/exam/mid_term_prep.tex:164: LaTeX Error: Unicode character 問 (U+554F)
               not set up for use with LaTeX.

See the LaTeX manual or LaTeX Companion for explanation.
Type  H <return>  for immediate help.
 ...                                              
                                                  
l.164 \section*{特殊問題と実用公式}
                                            
You may provide a definition with
\DeclareUnicodeCharacter 


/Users/ryosuke.umeda/codes/OMSCS/ISYE6669_Deterministic-Optimization/exam/mid_term_prep.tex:164: LaTeX Error: Unicode character 題 (U+984C)
               not set up for use with LaTeX.

See the LaTeX manual or LaTeX Companion for explanation.
Type  H <return>  for immediate help.
 ...                                              
                                                  
l.164 \section*{特殊問題と実用公式}
                                            
You may provide a definition with
\DeclareUnicodeCharacter 


/Users/ryosuke.umeda/codes/OMSCS/ISYE6669_Deterministic-Optimization/exam/mid_term_prep.tex:164: LaTeX Error: Unicode character と (U+3068)
               not set up for use with LaTeX.

See the LaTeX manual or LaTeX Companion for explanation.
Type  H <return>  for immediate help.
 ...                                              
                                                  
l.164 \section*{特殊問題と実用公式}
                                            
You may provide a definition with
\DeclareUnicodeCharacter 


/Users/ryosuke.umeda/codes/OMSCS/ISYE6669_Deterministic-Optimization/exam/mid_term_prep.tex:164: LaTeX Error: Unicode character 実 (U+5B9F)
               not set up for use with LaTeX.

See the LaTeX manual or LaTeX Companion for explanation.
Type  H <return>  for immediate help.
 ...                                              
                                                  
l.164 \section*{特殊問題と実用公式}
                                            
You may provide a definition with
\DeclareUnicodeCharacter 


/Users/ryosuke.umeda/codes/OMSCS/ISYE6669_Deterministic-Optimization/exam/mid_term_prep.tex:164: LaTeX Error: Unicode character 用 (U+7528)
               not set up for use with LaTeX.

See the LaTeX manual or LaTeX Companion for explanation.
Type  H <return>  for immediate help.
 ...                                              
                                                  
l.164 \section*{特殊問題と実用公式}
                                            
You may provide a definition with
\DeclareUnicodeCharacter 


/Users/ryosuke.umeda/codes/OMSCS/ISYE6669_Deterministic-Optimization/exam/mid_term_prep.tex:164: LaTeX Error: Unicode character 公 (U+516C)
               not set up for use with LaTeX.

See the LaTeX manual or LaTeX Companion for explanation.
Type  H <return>  for immediate help.
 ...                                              
                                                  
l.164 \section*{特殊問題と実用公式}
                                            
You may provide a definition with
\DeclareUnicodeCharacter 


/Users/ryosuke.umeda/codes/OMSCS/ISYE6669_Deterministic-Optimization/exam/mid_term_prep.tex:164: LaTeX Error: Unicode character 式 (U+5F0F)
               not set up for use with LaTeX.

See the LaTeX manual or LaTeX Companion for explanation.
Type  H <return>  for immediate help.
 ...                                              
                                                  
l.164 \section*{特殊問題と実用公式}
                                            
You may provide a definition with
\DeclareUnicodeCharacter 


/Users/ryosuke.umeda/codes/OMSCS/ISYE6669_Deterministic-Optimization/exam/mid_term_prep.tex:166: LaTeX Error: Unicode character 輸 (U+8F38)
               not set up for use with LaTeX.

See the LaTeX manual or LaTeX Companion for explanation.
Type  H <return>  for immediate help.
 ...                                              
                                                  
l.166 ...n*{輸送問題 (Transportation Problem)}
                                                  
You may provide a definition with
\DeclareUnicodeCharacter 


/Users/ryosuke.umeda/codes/OMSCS/ISYE6669_Deterministic-Optimization/exam/mid_term_prep.tex:166: LaTeX Error: Unicode character 送 (U+9001)
               not set up for use with LaTeX.

See the LaTeX manual or LaTeX Companion for explanation.
Type  H <return>  for immediate help.
 ...                                              
                                                  
l.166 ...n*{輸送問題 (Transportation Problem)}
                                                  
You may provide a definition with
\DeclareUnicodeCharacter 


/Users/ryosuke.umeda/codes/OMSCS/ISYE6669_Deterministic-Optimization/exam/mid_term_prep.tex:166: LaTeX Error: Unicode character 問 (U+554F)
               not set up for use with LaTeX.

See the LaTeX manual or LaTeX Companion for explanation.
Type  H <return>  for immediate help.
 ...                                              
                                                  
l.166 ...n*{輸送問題 (Transportation Problem)}
                                                  
You may provide a definition with
\DeclareUnicodeCharacter 


/Users/ryosuke.umeda/codes/OMSCS/ISYE6669_Deterministic-Optimization/exam/mid_term_prep.tex:166: LaTeX Error: Unicode character 題 (U+984C)
               not set up for use with LaTeX.

See the LaTeX manual or LaTeX Companion for explanation.
Type  H <return>  for immediate help.
 ...                                              
                                                  
l.166 ...n*{輸送問題 (Transportation Problem)}
                                                  
You may provide a definition with
\DeclareUnicodeCharacter 


/Users/ryosuke.umeda/codes/OMSCS/ISYE6669_Deterministic-Optimization/exam/mid_term_prep.tex:172: LaTeX Error: Unicode character 供 (U+4F9B)
               not set up for use with LaTeX.

See the LaTeX manual or LaTeX Companion for explanation.
Type  H <return>  for immediate help.
 ...                                              
                                                  
l.172 \end{align}
                 
You may provide a definition with
\DeclareUnicodeCharacter 


/Users/ryosuke.umeda/codes/OMSCS/ISYE6669_Deterministic-Optimization/exam/mid_term_prep.tex:172: LaTeX Error: Unicode character 給 (U+7D66)
               not set up for use with LaTeX.

See the LaTeX manual or LaTeX Companion for explanation.
Type  H <return>  for immediate help.
 ...                                              
                                                  
l.172 \end{align}
                 
You may provide a definition with
\DeclareUnicodeCharacter 


/Users/ryosuke.umeda/codes/OMSCS/ISYE6669_Deterministic-Optimization/exam/mid_term_prep.tex:172: LaTeX Error: Unicode character 制 (U+5236)
               not set up for use with LaTeX.

See the LaTeX manual or LaTeX Companion for explanation.
Type  H <return>  for immediate help.
 ...                                              
                                                  
l.172 \end{align}
                 
You may provide a definition with
\DeclareUnicodeCharacter 


/Users/ryosuke.umeda/codes/OMSCS/ISYE6669_Deterministic-Optimization/exam/mid_term_prep.tex:172: LaTeX Error: Unicode character 約 (U+7D04)
               not set up for use with LaTeX.

See the LaTeX manual or LaTeX Companion for explanation.
Type  H <return>  for immediate help.
 ...                                              
                                                  
l.172 \end{align}
                 
You may provide a definition with
\DeclareUnicodeCharacter 


/Users/ryosuke.umeda/codes/OMSCS/ISYE6669_Deterministic-Optimization/exam/mid_term_prep.tex:172: LaTeX Error: Unicode character 需 (U+9700)
               not set up for use with LaTeX.

See the LaTeX manual or LaTeX Companion for explanation.
Type  H <return>  for immediate help.
 ...                                              
                                                  
l.172 \end{align}
                 
You may provide a definition with
\DeclareUnicodeCharacter 


/Users/ryosuke.umeda/codes/OMSCS/ISYE6669_Deterministic-Optimization/exam/mid_term_prep.tex:172: LaTeX Error: Unicode character 要 (U+8981)
               not set up for use with LaTeX.

See the LaTeX manual or LaTeX Companion for explanation.
Type  H <return>  for immediate help.
 ...                                              
                                                  
l.172 \end{align}
                 
You may provide a definition with
\DeclareUnicodeCharacter 


/Users/ryosuke.umeda/codes/OMSCS/ISYE6669_Deterministic-Optimization/exam/mid_term_prep.tex:172: LaTeX Error: Unicode character 制 (U+5236)
               not set up for use with LaTeX.

See the LaTeX manual or LaTeX Companion for explanation.
Type  H <return>  for immediate help.
 ...                                              
                                                  
l.172 \end{align}
                 
You may provide a definition with
\DeclareUnicodeCharacter 


/Users/ryosuke.umeda/codes/OMSCS/ISYE6669_Deterministic-Optimization/exam/mid_term_prep.tex:172: LaTeX Error: Unicode character 約 (U+7D04)
               not set up for use with LaTeX.

See the LaTeX manual or LaTeX Companion for explanation.
Type  H <return>  for immediate help.
 ...                                              
                                                  
l.172 \end{align}
                 
You may provide a definition with
\DeclareUnicodeCharacter 


/Users/ryosuke.umeda/codes/OMSCS/ISYE6669_Deterministic-Optimization/exam/mid_term_prep.tex:172: LaTeX Error: Unicode character 供 (U+4F9B)
               not set up for use with LaTeX.

See the LaTeX manual or LaTeX Companion for explanation.
Type  H <return>  for immediate help.
 ...                                              
                                                  
l.172 \end{align}
                 
You may provide a definition with
\DeclareUnicodeCharacter 


/Users/ryosuke.umeda/codes/OMSCS/ISYE6669_Deterministic-Optimization/exam/mid_term_prep.tex:172: LaTeX Error: Unicode character 給 (U+7D66)
               not set up for use with LaTeX.

See the LaTeX manual or LaTeX Companion for explanation.
Type  H <return>  for immediate help.
 ...                                              
                                                  
l.172 \end{align}
                 
You may provide a definition with
\DeclareUnicodeCharacter 


/Users/ryosuke.umeda/codes/OMSCS/ISYE6669_Deterministic-Optimization/exam/mid_term_prep.tex:172: LaTeX Error: Unicode character 制 (U+5236)
               not set up for use with LaTeX.

See the LaTeX manual or LaTeX Companion for explanation.
Type  H <return>  for immediate help.
 ...                                              
                                                  
l.172 \end{align}
                 
You may provide a definition with
\DeclareUnicodeCharacter 


/Users/ryosuke.umeda/codes/OMSCS/ISYE6669_Deterministic-Optimization/exam/mid_term_prep.tex:172: LaTeX Error: Unicode character 約 (U+7D04)
               not set up for use with LaTeX.

See the LaTeX manual or LaTeX Companion for explanation.
Type  H <return>  for immediate help.
 ...                                              
                                                  
l.172 \end{align}
                 
You may provide a definition with
\DeclareUnicodeCharacter 


/Users/ryosuke.umeda/codes/OMSCS/ISYE6669_Deterministic-Optimization/exam/mid_term_prep.tex:172: LaTeX Error: Unicode character 需 (U+9700)
               not set up for use with LaTeX.

See the LaTeX manual or LaTeX Companion for explanation.
Type  H <return>  for immediate help.
 ...                                              
                                                  
l.172 \end{align}
                 
You may provide a definition with
\DeclareUnicodeCharacter 


/Users/ryosuke.umeda/codes/OMSCS/ISYE6669_Deterministic-Optimization/exam/mid_term_prep.tex:172: LaTeX Error: Unicode character 要 (U+8981)
               not set up for use with LaTeX.

See the LaTeX manual or LaTeX Companion for explanation.
Type  H <return>  for immediate help.
 ...                                              
                                                  
l.172 \end{align}
                 
You may provide a definition with
\DeclareUnicodeCharacter 


/Users/ryosuke.umeda/codes/OMSCS/ISYE6669_Deterministic-Optimization/exam/mid_term_prep.tex:172: LaTeX Error: Unicode character 制 (U+5236)
               not set up for use with LaTeX.

See the LaTeX manual or LaTeX Companion for explanation.
Type  H <return>  for immediate help.
 ...                                              
                                                  
l.172 \end{align}
                 
You may provide a definition with
\DeclareUnicodeCharacter 


/Users/ryosuke.umeda/codes/OMSCS/ISYE6669_Deterministic-Optimization/exam/mid_term_prep.tex:172: LaTeX Error: Unicode character 約 (U+7D04)
               not set up for use with LaTeX.

See the LaTeX manual or LaTeX Companion for explanation.
Type  H <return>  for immediate help.
 ...                                              
                                                  
l.172 \end{align}
                 
You may provide a definition with
\DeclareUnicodeCharacter 


/Users/ryosuke.umeda/codes/OMSCS/ISYE6669_Deterministic-Optimization/exam/mid_term_prep.tex:174: LaTeX Error: Unicode character 実 (U+5B9F)
               not set up for use with LaTeX.

See the LaTeX manual or LaTeX Companion for explanation.
Type  H <return>  for immediate help.
 ...                                              
                                                  
l.174 \textbf{実行不能条件}
                                 : $\sum s_i < \max\{d_j\}$
You may provide a definition with
\DeclareUnicodeCharacter 


/Users/ryosuke.umeda/codes/OMSCS/ISYE6669_Deterministic-Optimization/exam/mid_term_prep.tex:174: LaTeX Error: Unicode character 行 (U+884C)
               not set up for use with LaTeX.

See the LaTeX manual or LaTeX Companion for explanation.
Type  H <return>  for immediate help.
 ...                                              
                                                  
l.174 \textbf{実行不能条件}
                                 : $\sum s_i < \max\{d_j\}$
You may provide a definition with
\DeclareUnicodeCharacter 


/Users/ryosuke.umeda/codes/OMSCS/ISYE6669_Deterministic-Optimization/exam/mid_term_prep.tex:174: LaTeX Error: Unicode character 不 (U+4E0D)
               not set up for use with LaTeX.

See the LaTeX manual or LaTeX Companion for explanation.
Type  H <return>  for immediate help.
 ...                                              
                                                  
l.174 \textbf{実行不能条件}
                                 : $\sum s_i < \max\{d_j\}$
You may provide a definition with
\DeclareUnicodeCharacter 


/Users/ryosuke.umeda/codes/OMSCS/ISYE6669_Deterministic-Optimization/exam/mid_term_prep.tex:174: LaTeX Error: Unicode character 能 (U+80FD)
               not set up for use with LaTeX.

See the LaTeX manual or LaTeX Companion for explanation.
Type  H <return>  for immediate help.
 ...                                              
                                                  
l.174 \textbf{実行不能条件}
                                 : $\sum s_i < \max\{d_j\}$
You may provide a definition with
\DeclareUnicodeCharacter 


/Users/ryosuke.umeda/codes/OMSCS/ISYE6669_Deterministic-Optimization/exam/mid_term_prep.tex:174: LaTeX Error: Unicode character 条 (U+6761)
               not set up for use with LaTeX.

See the LaTeX manual or LaTeX Companion for explanation.
Type  H <return>  for immediate help.
 ...                                              
                                                  
l.174 \textbf{実行不能条件}
                                 : $\sum s_i < \max\{d_j\}$
You may provide a definition with
\DeclareUnicodeCharacter 


/Users/ryosuke.umeda/codes/OMSCS/ISYE6669_Deterministic-Optimization/exam/mid_term_prep.tex:174: LaTeX Error: Unicode character 件 (U+4EF6)
               not set up for use with LaTeX.

See the LaTeX manual or LaTeX Companion for explanation.
Type  H <return>  for immediate help.
 ...                                              
                                                  
l.174 \textbf{実行不能条件}
                                 : $\sum s_i < \max\{d_j\}$
You may provide a definition with
\DeclareUnicodeCharacter 


/Users/ryosuke.umeda/codes/OMSCS/ISYE6669_Deterministic-Optimization/exam/mid_term_prep.tex:176: LaTeX Error: Unicode character 絶 (U+7D76)
               not set up for use with LaTeX.

See the LaTeX manual or LaTeX Companion for explanation.
Type  H <return>  for immediate help.
 ...                                              
                                                  
l.176 \subsection*{絶対値の線形化}
                                         
You may provide a definition with
\DeclareUnicodeCharacter 


/Users/ryosuke.umeda/codes/OMSCS/ISYE6669_Deterministic-Optimization/exam/mid_term_prep.tex:176: LaTeX Error: Unicode character 対 (U+5BFE)
               not set up for use with LaTeX.

See the LaTeX manual or LaTeX Companion for explanation.
Type  H <return>  for immediate help.
 ...                                              
                                                  
l.176 \subsection*{絶対値の線形化}
                                         
You may provide a definition with
\DeclareUnicodeCharacter 


/Users/ryosuke.umeda/codes/OMSCS/ISYE6669_Deterministic-Optimization/exam/mid_term_prep.tex:176: LaTeX Error: Unicode character 値 (U+5024)
               not set up for use with LaTeX.

See the LaTeX manual or LaTeX Companion for explanation.
Type  H <return>  for immediate help.
 ...                                              
                                                  
l.176 \subsection*{絶対値の線形化}
                                         
You may provide a definition with
\DeclareUnicodeCharacter 


/Users/ryosuke.umeda/codes/OMSCS/ISYE6669_Deterministic-Optimization/exam/mid_term_prep.tex:176: LaTeX Error: Unicode character の (U+306E)
               not set up for use with LaTeX.

See the LaTeX manual or LaTeX Companion for explanation.
Type  H <return>  for immediate help.
 ...                                              
                                                  
l.176 \subsection*{絶対値の線形化}
                                         
You may provide a definition with
\DeclareUnicodeCharacter 


/Users/ryosuke.umeda/codes/OMSCS/ISYE6669_Deterministic-Optimization/exam/mid_term_prep.tex:176: LaTeX Error: Unicode character 線 (U+7DDA)
               not set up for use with LaTeX.

See the LaTeX manual or LaTeX Companion for explanation.
Type  H <return>  for immediate help.
 ...                                              
                                                  
l.176 \subsection*{絶対値の線形化}
                                         
You may provide a definition with
\DeclareUnicodeCharacter 


/Users/ryosuke.umeda/codes/OMSCS/ISYE6669_Deterministic-Optimization/exam/mid_term_prep.tex:176: LaTeX Error: Unicode character 形 (U+5F62)
               not set up for use with LaTeX.

See the LaTeX manual or LaTeX Companion for explanation.
Type  H <return>  for immediate help.
 ...                                              
                                                  
l.176 \subsection*{絶対値の線形化}
                                         
You may provide a definition with
\DeclareUnicodeCharacter 


/Users/ryosuke.umeda/codes/OMSCS/ISYE6669_Deterministic-Optimization/exam/mid_term_prep.tex:176: LaTeX Error: Unicode character 化 (U+5316)
               not set up for use with LaTeX.

See the LaTeX manual or LaTeX Companion for explanation.
Type  H <return>  for immediate help.
 ...                                              
                                                  
l.176 \subsection*{絶対値の線形化}
                                         
You may provide a definition with
\DeclareUnicodeCharacter 


/Users/ryosuke.umeda/codes/OMSCS/ISYE6669_Deterministic-Optimization/exam/mid_term_prep.tex:183: LaTeX Error: Unicode character 区 (U+533A)
               not set up for use with LaTeX.

See the LaTeX manual or LaTeX Companion for explanation.
Type  H <return>  for immediate help.
 ...                                              
                                                  
l.183 \subsection*{区間制約の判定}
                                         
You may provide a definition with
\DeclareUnicodeCharacter 


/Users/ryosuke.umeda/codes/OMSCS/ISYE6669_Deterministic-Optimization/exam/mid_term_prep.tex:183: LaTeX Error: Unicode character 間 (U+9593)
               not set up for use with LaTeX.

See the LaTeX manual or LaTeX Companion for explanation.
Type  H <return>  for immediate help.
 ...                                              
                                                  
l.183 \subsection*{区間制約の判定}
                                         
You may provide a definition with
\DeclareUnicodeCharacter 


/Users/ryosuke.umeda/codes/OMSCS/ISYE6669_Deterministic-Optimization/exam/mid_term_prep.tex:183: LaTeX Error: Unicode character 制 (U+5236)
               not set up for use with LaTeX.

See the LaTeX manual or LaTeX Companion for explanation.
Type  H <return>  for immediate help.
 ...                                              
                                                  
l.183 \subsection*{区間制約の判定}
                                         
You may provide a definition with
\DeclareUnicodeCharacter 


/Users/ryosuke.umeda/codes/OMSCS/ISYE6669_Deterministic-Optimization/exam/mid_term_prep.tex:183: LaTeX Error: Unicode character 約 (U+7D04)
               not set up for use with LaTeX.

See the LaTeX manual or LaTeX Companion for explanation.
Type  H <return>  for immediate help.
 ...                                              
                                                  
l.183 \subsection*{区間制約の判定}
                                         
You may provide a definition with
\DeclareUnicodeCharacter 


/Users/ryosuke.umeda/codes/OMSCS/ISYE6669_Deterministic-Optimization/exam/mid_term_prep.tex:183: LaTeX Error: Unicode character の (U+306E)
               not set up for use with LaTeX.

See the LaTeX manual or LaTeX Companion for explanation.
Type  H <return>  for immediate help.
 ...                                              
                                                  
l.183 \subsection*{区間制約の判定}
                                         
You may provide a definition with
\DeclareUnicodeCharacter 


/Users/ryosuke.umeda/codes/OMSCS/ISYE6669_Deterministic-Optimization/exam/mid_term_prep.tex:183: LaTeX Error: Unicode character 判 (U+5224)
               not set up for use with LaTeX.

See the LaTeX manual or LaTeX Companion for explanation.
Type  H <return>  for immediate help.
 ...                                              
                                                  
l.183 \subsection*{区間制約の判定}
                                         
You may provide a definition with
\DeclareUnicodeCharacter 


/Users/ryosuke.umeda/codes/OMSCS/ISYE6669_Deterministic-Optimization/exam/mid_term_prep.tex:183: LaTeX Error: Unicode character 定 (U+5B9A)
               not set up for use with LaTeX.

See the LaTeX manual or LaTeX Companion for explanation.
Type  H <return>  for immediate help.
 ...                                              
                                                  
l.183 \subsection*{区間制約の判定}
                                         
You may provide a definition with
\DeclareUnicodeCharacter 


/Users/ryosuke.umeda/codes/OMSCS/ISYE6669_Deterministic-Optimization/exam/mid_term_prep.tex:184: LaTeX Error: Unicode character 集 (U+96C6)
               not set up for use with LaTeX.

See the LaTeX manual or LaTeX Companion for explanation.
Type  H <return>  for immediate help.
 ...                                              
                                                  
l.184 集
         合 $X = \{x \in [a,b]^n : \sum x_i \geq c\}$
You may provide a definition with
\DeclareUnicodeCharacter 


/Users/ryosuke.umeda/codes/OMSCS/ISYE6669_Deterministic-Optimization/exam/mid_term_prep.tex:184: LaTeX Error: Unicode character 合 (U+5408)
               not set up for use with LaTeX.

See the LaTeX manual or LaTeX Companion for explanation.
Type  H <return>  for immediate help.
 ...                                              
                                                  
l.184 集合
             $X = \{x \in [a,b]^n : \sum x_i \geq c\}$
You may provide a definition with
\DeclareUnicodeCharacter 


/Users/ryosuke.umeda/codes/OMSCS/ISYE6669_Deterministic-Optimization/exam/mid_term_prep.tex:186: LaTeX Error: Unicode character 有 (U+6709)
               not set up for use with LaTeX.

See the LaTeX manual or LaTeX Companion for explanation.
Type  H <return>  for immediate help.
 ...                                              
                                                  
l.186 \item \textbf{有界}
                           : $[a,b]$が有限区間
You may provide a definition with
\DeclareUnicodeCharacter 


/Users/ryosuke.umeda/codes/OMSCS/ISYE6669_Deterministic-Optimization/exam/mid_term_prep.tex:186: LaTeX Error: Unicode character 界 (U+754C)
               not set up for use with LaTeX.

See the LaTeX manual or LaTeX Companion for explanation.
Type  H <return>  for immediate help.
 ...                                              
                                                  
l.186 \item \textbf{有界}
                           : $[a,b]$が有限区間
You may provide a definition with
\DeclareUnicodeCharacter 


/Users/ryosuke.umeda/codes/OMSCS/ISYE6669_Deterministic-Optimization/exam/mid_term_prep.tex:186: LaTeX Error: Unicode character が (U+304C)
               not set up for use with LaTeX.

See the LaTeX manual or LaTeX Companion for explanation.
Type  H <return>  for immediate help.
 ...                                              
                                                  
l.186 \item \textbf{有界}: $[a,b]$が
                                       有限区間
You may provide a definition with
\DeclareUnicodeCharacter 


/Users/ryosuke.umeda/codes/OMSCS/ISYE6669_Deterministic-Optimization/exam/mid_term_prep.tex:186: LaTeX Error: Unicode character 有 (U+6709)
               not set up for use with LaTeX.

See the LaTeX manual or LaTeX Companion for explanation.
Type  H <return>  for immediate help.
 ...                                              
                                                  
l.186 \item \textbf{有界}: $[a,b]$が有
                                          限区間
You may provide a definition with
\DeclareUnicodeCharacter 


/Users/ryosuke.umeda/codes/OMSCS/ISYE6669_Deterministic-Optimization/exam/mid_term_prep.tex:186: LaTeX Error: Unicode character 限 (U+9650)
               not set up for use with LaTeX.

See the LaTeX manual or LaTeX Companion for explanation.
Type  H <return>  for immediate help.
 ...                                              
                                                  
l.186 \item \textbf{有界}: $[a,b]$が有限
                                             区間
You may provide a definition with
\DeclareUnicodeCharacter 


/Users/ryosuke.umeda/codes/OMSCS/ISYE6669_Deterministic-Optimization/exam/mid_term_prep.tex:186: LaTeX Error: Unicode character 区 (U+533A)
               not set up for use with LaTeX.

See the LaTeX manual or LaTeX Companion for explanation.
Type  H <return>  for immediate help.
 ...                                              
                                                  
l.186 \item \textbf{有界}: $[a,b]$が有限区
                                                間
You may provide a definition with
\DeclareUnicodeCharacter 


/Users/ryosuke.umeda/codes/OMSCS/ISYE6669_Deterministic-Optimization/exam/mid_term_prep.tex:186: LaTeX Error: Unicode character 間 (U+9593)
               not set up for use with LaTeX.

See the LaTeX manual or LaTeX Companion for explanation.
Type  H <return>  for immediate help.
 ...                                              
                                                  
l.186 ...m \textbf{有界}: $[a,b]$が有限区間
                                                  
You may provide a definition with
\DeclareUnicodeCharacter 


/Users/ryosuke.umeda/codes/OMSCS/ISYE6669_Deterministic-Optimization/exam/mid_term_prep.tex:187: LaTeX Error: Unicode character 閉 (U+9589)
               not set up for use with LaTeX.

See the LaTeX manual or LaTeX Companion for explanation.
Type  H <return>  for immediate help.
 ...                                              
                                                  
l.187 \item \textbf{閉}
                        : 等式・不等式制約で定義
You may provide a definition with
\DeclareUnicodeCharacter 


/Users/ryosuke.umeda/codes/OMSCS/ISYE6669_Deterministic-Optimization/exam/mid_term_prep.tex:187: LaTeX Error: Unicode character 等 (U+7B49)
               not set up for use with LaTeX.

See the LaTeX manual or LaTeX Companion for explanation.
Type  H <return>  for immediate help.
 ...                                              
                                                  
l.187 \item \textbf{閉}: 等
                             式・不等式制約で定義
You may provide a definition with
\DeclareUnicodeCharacter 


/Users/ryosuke.umeda/codes/OMSCS/ISYE6669_Deterministic-Optimization/exam/mid_term_prep.tex:187: LaTeX Error: Unicode character 式 (U+5F0F)
               not set up for use with LaTeX.

See the LaTeX manual or LaTeX Companion for explanation.
Type  H <return>  for immediate help.
 ...                                              
                                                  
l.187 \item \textbf{閉}: 等式
                                ・不等式制約で定義
You may provide a definition with
\DeclareUnicodeCharacter 


/Users/ryosuke.umeda/codes/OMSCS/ISYE6669_Deterministic-Optimization/exam/mid_term_prep.tex:187: LaTeX Error: Unicode character ・ (U+30FB)
               not set up for use with LaTeX.

See the LaTeX manual or LaTeX Companion for explanation.
Type  H <return>  for immediate help.
 ...                                              
                                                  
l.187 \item \textbf{閉}: 等式・
                                   不等式制約で定義
You may provide a definition with
\DeclareUnicodeCharacter 


/Users/ryosuke.umeda/codes/OMSCS/ISYE6669_Deterministic-Optimization/exam/mid_term_prep.tex:187: LaTeX Error: Unicode character 不 (U+4E0D)
               not set up for use with LaTeX.

See the LaTeX manual or LaTeX Companion for explanation.
Type  H <return>  for immediate help.
 ...                                              
                                                  
l.187 \item \textbf{閉}: 等式・不
                                      等式制約で定義
You may provide a definition with
\DeclareUnicodeCharacter 


/Users/ryosuke.umeda/codes/OMSCS/ISYE6669_Deterministic-Optimization/exam/mid_term_prep.tex:187: LaTeX Error: Unicode character 等 (U+7B49)
               not set up for use with LaTeX.

See the LaTeX manual or LaTeX Companion for explanation.
Type  H <return>  for immediate help.
 ...                                              
                                                  
l.187 \item \textbf{閉}: 等式・不等
                                         式制約で定義
You may provide a definition with
\DeclareUnicodeCharacter 


/Users/ryosuke.umeda/codes/OMSCS/ISYE6669_Deterministic-Optimization/exam/mid_term_prep.tex:187: LaTeX Error: Unicode character 式 (U+5F0F)
               not set up for use with LaTeX.

See the LaTeX manual or LaTeX Companion for explanation.
Type  H <return>  for immediate help.
 ...                                              
                                                  
l.187 \item \textbf{閉}: 等式・不等式
                                            制約で定義
You may provide a definition with
\DeclareUnicodeCharacter 


/Users/ryosuke.umeda/codes/OMSCS/ISYE6669_Deterministic-Optimization/exam/mid_term_prep.tex:187: LaTeX Error: Unicode character 制 (U+5236)
               not set up for use with LaTeX.

See the LaTeX manual or LaTeX Companion for explanation.
Type  H <return>  for immediate help.
 ...                                              
                                                  
l.187 \item \textbf{閉}: 等式・不等式制
                                               約で定義
You may provide a definition with
\DeclareUnicodeCharacter 


/Users/ryosuke.umeda/codes/OMSCS/ISYE6669_Deterministic-Optimization/exam/mid_term_prep.tex:187: LaTeX Error: Unicode character 約 (U+7D04)
               not set up for use with LaTeX.

See the LaTeX manual or LaTeX Companion for explanation.
Type  H <return>  for immediate help.
 ...                                              
                                                  
l.187 \item \textbf{閉}: 等式・不等式制約
                                                  で定義
You may provide a definition with
\DeclareUnicodeCharacter 


/Users/ryosuke.umeda/codes/OMSCS/ISYE6669_Deterministic-Optimization/exam/mid_term_prep.tex:187: LaTeX Error: Unicode character で (U+3067)
               not set up for use with LaTeX.

See the LaTeX manual or LaTeX Companion for explanation.
Type  H <return>  for immediate help.
 ...                                              
                                                  
l.187 ...\textbf{閉}: 等式・不等式制約で
                                                  定義
You may provide a definition with
\DeclareUnicodeCharacter 


/Users/ryosuke.umeda/codes/OMSCS/ISYE6669_Deterministic-Optimization/exam/mid_term_prep.tex:187: LaTeX Error: Unicode character 定 (U+5B9A)
               not set up for use with LaTeX.

See the LaTeX manual or LaTeX Companion for explanation.
Type  H <return>  for immediate help.
 ...                                              
                                                  
l.187 ...xtbf{閉}: 等式・不等式制約で定
                                                  義
You may provide a definition with
\DeclareUnicodeCharacter 


/Users/ryosuke.umeda/codes/OMSCS/ISYE6669_Deterministic-Optimization/exam/mid_term_prep.tex:187: LaTeX Error: Unicode character 義 (U+7FA9)
               not set up for use with LaTeX.

See the LaTeX manual or LaTeX Companion for explanation.
Type  H <return>  for immediate help.
 ...                                              
                                                  
l.187 ...f{閉}: 等式・不等式制約で定義
                                                  
You may provide a definition with
\DeclareUnicodeCharacter 


/Users/ryosuke.umeda/codes/OMSCS/ISYE6669_Deterministic-Optimization/exam/mid_term_prep.tex:188: LaTeX Error: Unicode character 凸 (U+51F8)
               not set up for use with LaTeX.

See the LaTeX manual or LaTeX Companion for explanation.
Type  H <return>  for immediate help.
 ...                                              
                                                  
l.188 \item \textbf{凸}
                        : 箱制約と線形制約の交集合
You may provide a definition with
\DeclareUnicodeCharacter 


/Users/ryosuke.umeda/codes/OMSCS/ISYE6669_Deterministic-Optimization/exam/mid_term_prep.tex:188: LaTeX Error: Unicode character 箱 (U+7BB1)
               not set up for use with LaTeX.

See the LaTeX manual or LaTeX Companion for explanation.
Type  H <return>  for immediate help.
 ...                                              
                                                  
l.188 \item \textbf{凸}: 箱
                             制約と線形制約の交集合
You may provide a definition with
\DeclareUnicodeCharacter 


/Users/ryosuke.umeda/codes/OMSCS/ISYE6669_Deterministic-Optimization/exam/mid_term_prep.tex:188: LaTeX Error: Unicode character 制 (U+5236)
               not set up for use with LaTeX.

See the LaTeX manual or LaTeX Companion for explanation.
Type  H <return>  for immediate help.
 ...                                              
                                                  
l.188 \item \textbf{凸}: 箱制
                                約と線形制約の交集合
You may provide a definition with
\DeclareUnicodeCharacter 


/Users/ryosuke.umeda/codes/OMSCS/ISYE6669_Deterministic-Optimization/exam/mid_term_prep.tex:188: LaTeX Error: Unicode character 約 (U+7D04)
               not set up for use with LaTeX.

See the LaTeX manual or LaTeX Companion for explanation.
Type  H <return>  for immediate help.
 ...                                              
                                                  
l.188 \item \textbf{凸}: 箱制約
                                   と線形制約の交集合
You may provide a definition with
\DeclareUnicodeCharacter 


/Users/ryosuke.umeda/codes/OMSCS/ISYE6669_Deterministic-Optimization/exam/mid_term_prep.tex:188: LaTeX Error: Unicode character と (U+3068)
               not set up for use with LaTeX.

See the LaTeX manual or LaTeX Companion for explanation.
Type  H <return>  for immediate help.
 ...                                              
                                                  
l.188 \item \textbf{凸}: 箱制約と
                                      線形制約の交集合
You may provide a definition with
\DeclareUnicodeCharacter 


/Users/ryosuke.umeda/codes/OMSCS/ISYE6669_Deterministic-Optimization/exam/mid_term_prep.tex:188: LaTeX Error: Unicode character 線 (U+7DDA)
               not set up for use with LaTeX.

See the LaTeX manual or LaTeX Companion for explanation.
Type  H <return>  for immediate help.
 ...                                              
                                                  
l.188 \item \textbf{凸}: 箱制約と線
                                         形制約の交集合
You may provide a definition with
\DeclareUnicodeCharacter 


/Users/ryosuke.umeda/codes/OMSCS/ISYE6669_Deterministic-Optimization/exam/mid_term_prep.tex:188: LaTeX Error: Unicode character 形 (U+5F62)
               not set up for use with LaTeX.

See the LaTeX manual or LaTeX Companion for explanation.
Type  H <return>  for immediate help.
 ...                                              
                                                  
l.188 \item \textbf{凸}: 箱制約と線形
                                            制約の交集合
You may provide a definition with
\DeclareUnicodeCharacter 


/Users/ryosuke.umeda/codes/OMSCS/ISYE6669_Deterministic-Optimization/exam/mid_term_prep.tex:188: LaTeX Error: Unicode character 制 (U+5236)
               not set up for use with LaTeX.

See the LaTeX manual or LaTeX Companion for explanation.
Type  H <return>  for immediate help.
 ...                                              
                                                  
l.188 \item \textbf{凸}: 箱制約と線形制
                                               約の交集合
You may provide a definition with
\DeclareUnicodeCharacter 


/Users/ryosuke.umeda/codes/OMSCS/ISYE6669_Deterministic-Optimization/exam/mid_term_prep.tex:188: LaTeX Error: Unicode character 約 (U+7D04)
               not set up for use with LaTeX.

See the LaTeX manual or LaTeX Companion for explanation.
Type  H <return>  for immediate help.
 ...                                              
                                                  
l.188 \item \textbf{凸}: 箱制約と線形制約
                                                  の交集合
You may provide a definition with
\DeclareUnicodeCharacter 


/Users/ryosuke.umeda/codes/OMSCS/ISYE6669_Deterministic-Optimization/exam/mid_term_prep.tex:188: LaTeX Error: Unicode character の (U+306E)
               not set up for use with LaTeX.

See the LaTeX manual or LaTeX Companion for explanation.
Type  H <return>  for immediate help.
 ...                                              
                                                  
l.188 ...\textbf{凸}: 箱制約と線形制約の
                                                  交集合
You may provide a definition with
\DeclareUnicodeCharacter 


/Users/ryosuke.umeda/codes/OMSCS/ISYE6669_Deterministic-Optimization/exam/mid_term_prep.tex:188: LaTeX Error: Unicode character 交 (U+4EA4)
               not set up for use with LaTeX.

See the LaTeX manual or LaTeX Companion for explanation.
Type  H <return>  for immediate help.
 ...                                              
                                                  
l.188 ...xtbf{凸}: 箱制約と線形制約の交
                                                  集合
You may provide a definition with
\DeclareUnicodeCharacter 


/Users/ryosuke.umeda/codes/OMSCS/ISYE6669_Deterministic-Optimization/exam/mid_term_prep.tex:188: LaTeX Error: Unicode character 集 (U+96C6)
               not set up for use with LaTeX.

See the LaTeX manual or LaTeX Companion for explanation.
Type  H <return>  for immediate help.
 ...                                              
                                                  
l.188 ...f{凸}: 箱制約と線形制約の交集
                                                  合
You may provide a definition with
\DeclareUnicodeCharacter 


/Users/ryosuke.umeda/codes/OMSCS/ISYE6669_Deterministic-Optimization/exam/mid_term_prep.tex:188: LaTeX Error: Unicode character 合 (U+5408)
               not set up for use with LaTeX.

See the LaTeX manual or LaTeX Companion for explanation.
Type  H <return>  for immediate help.
 ...                                              
                                                  
l.188 ...��}: 箱制約と線形制約の交集合
                                                  
You may provide a definition with
\DeclareUnicodeCharacter 


/Users/ryosuke.umeda/codes/OMSCS/ISYE6669_Deterministic-Optimization/exam/mid_term_prep.tex:191: LaTeX Error: Unicode character よ (U+3088)
               not set up for use with LaTeX.

See the LaTeX manual or LaTeX Companion for explanation.
Type  H <return>  for immediate help.
 ...                                              
                                                  
l.191 \subsection*{よく出る凸関数}
                                         
You may provide a definition with
\DeclareUnicodeCharacter 


/Users/ryosuke.umeda/codes/OMSCS/ISYE6669_Deterministic-Optimization/exam/mid_term_prep.tex:191: LaTeX Error: Unicode character く (U+304F)
               not set up for use with LaTeX.

See the LaTeX manual or LaTeX Companion for explanation.
Type  H <return>  for immediate help.
 ...                                              
                                                  
l.191 \subsection*{よく出る凸関数}
                                         
You may provide a definition with
\DeclareUnicodeCharacter 


/Users/ryosuke.umeda/codes/OMSCS/ISYE6669_Deterministic-Optimization/exam/mid_term_prep.tex:191: LaTeX Error: Unicode character 出 (U+51FA)
               not set up for use with LaTeX.

See the LaTeX manual or LaTeX Companion for explanation.
Type  H <return>  for immediate help.
 ...                                              
                                                  
l.191 \subsection*{よく出る凸関数}
                                         
You may provide a definition with
\DeclareUnicodeCharacter 


/Users/ryosuke.umeda/codes/OMSCS/ISYE6669_Deterministic-Optimization/exam/mid_term_prep.tex:191: LaTeX Error: Unicode character る (U+308B)
               not set up for use with LaTeX.

See the LaTeX manual or LaTeX Companion for explanation.
Type  H <return>  for immediate help.
 ...                                              
                                                  
l.191 \subsection*{よく出る凸関数}
                                         
You may provide a definition with
\DeclareUnicodeCharacter 


/Users/ryosuke.umeda/codes/OMSCS/ISYE6669_Deterministic-Optimization/exam/mid_term_prep.tex:191: LaTeX Error: Unicode character 凸 (U+51F8)
               not set up for use with LaTeX.

See the LaTeX manual or LaTeX Companion for explanation.
Type  H <return>  for immediate help.
 ...                                              
                                                  
l.191 \subsection*{よく出る凸関数}
                                         
You may provide a definition with
\DeclareUnicodeCharacter 


/Users/ryosuke.umeda/codes/OMSCS/ISYE6669_Deterministic-Optimization/exam/mid_term_prep.tex:191: LaTeX Error: Unicode character 関 (U+95A2)
               not set up for use with LaTeX.

See the LaTeX manual or LaTeX Companion for explanation.
Type  H <return>  for immediate help.
 ...                                              
                                                  
l.191 \subsection*{よく出る凸関数}
                                         
You may provide a definition with
\DeclareUnicodeCharacter 


/Users/ryosuke.umeda/codes/OMSCS/ISYE6669_Deterministic-Optimization/exam/mid_term_prep.tex:191: LaTeX Error: Unicode character 数 (U+6570)
               not set up for use with LaTeX.

See the LaTeX manual or LaTeX Companion for explanation.
Type  H <return>  for immediate help.
 ...                                              
                                                  
l.191 \subsection*{よく出る凸関数}
                                         
You may provide a definition with
\DeclareUnicodeCharacter 


/Users/ryosuke.umeda/codes/OMSCS/ISYE6669_Deterministic-Optimization/exam/mid_term_prep.tex:193: LaTeX Error: Unicode character 凸 (U+51F8)
               not set up for use with LaTeX.

See the LaTeX manual or LaTeX Companion for explanation.
Type  H <return>  for immediate help.
 ...                                              
                                                  
l.193 \item $x^k$ ($k \geq 1$, $x \geq 0$): 凸
                                               
You may provide a definition with
\DeclareUnicodeCharacter 


/Users/ryosuke.umeda/codes/OMSCS/ISYE6669_Deterministic-Optimization/exam/mid_term_prep.tex:194: LaTeX Error: Unicode character 凹 (U+51F9)
               not set up for use with LaTeX.

See the LaTeX manual or LaTeX Companion for explanation.
Type  H <return>  for immediate help.
 ...                                              
                                                  
l.194 \item $\ln(x)$ ($x > 0$): 凹
                                   
You may provide a definition with
\DeclareUnicodeCharacter 


/Users/ryosuke.umeda/codes/OMSCS/ISYE6669_Deterministic-Optimization/exam/mid_term_prep.tex:195: LaTeX Error: Unicode character 凸 (U+51F8)
               not set up for use with LaTeX.

See the LaTeX manual or LaTeX Companion for explanation.
Type  H <return>  for immediate help.
 ...                                              
                                                  
l.195 \item $e^x$: 凸
                      
You may provide a definition with
\DeclareUnicodeCharacter 


/Users/ryosuke.umeda/codes/OMSCS/ISYE6669_Deterministic-Optimization/exam/mid_term_prep.tex:196: LaTeX Error: Unicode character 凸 (U+51F8)
               not set up for use with LaTeX.

See the LaTeX manual or LaTeX Companion for explanation.
Type  H <return>  for immediate help.
 ...                                              
                                                  
l.196 \item $x^2 + y^2$: 凸
                            
You may provide a definition with
\DeclareUnicodeCharacter 


/Users/ryosuke.umeda/codes/OMSCS/ISYE6669_Deterministic-Optimization/exam/mid_term_prep.tex:197: LaTeX Error: Unicode character が (U+304C)
               not set up for use with LaTeX.

See the LaTeX manual or LaTeX Companion for explanation.
Type  H <return>  for immediate help.
 ...                                              
                                                  
l.197 ...m $\max\{f_1(x), f_2(x)\}$: $f_1, f_2$が
                                                  凸なら凸
You may provide a definition with
\DeclareUnicodeCharacter 


/Users/ryosuke.umeda/codes/OMSCS/ISYE6669_Deterministic-Optimization/exam/mid_term_prep.tex:197: LaTeX Error: Unicode character 凸 (U+51F8)
               not set up for use with LaTeX.

See the LaTeX manual or LaTeX Companion for explanation.
Type  H <return>  for immediate help.
 ...                                              
                                                  
l.197 ...\max\{f_1(x), f_2(x)\}$: $f_1, f_2$が凸
                                                  なら凸
You may provide a definition with
\DeclareUnicodeCharacter 


/Users/ryosuke.umeda/codes/OMSCS/ISYE6669_Deterministic-Optimization/exam/mid_term_prep.tex:197: LaTeX Error: Unicode character な (U+306A)
               not set up for use with LaTeX.

See the LaTeX manual or LaTeX Companion for explanation.
Type  H <return>  for immediate help.
 ...                                              
                                                  
l.197 ...x\{f_1(x), f_2(x)\}$: $f_1, f_2$が凸な
                                                  ら凸
You may provide a definition with
\DeclareUnicodeCharacter 


/Users/ryosuke.umeda/codes/OMSCS/ISYE6669_Deterministic-Optimization/exam/mid_term_prep.tex:197: LaTeX Error: Unicode character ら (U+3089)
               not set up for use with LaTeX.

See the LaTeX manual or LaTeX Companion for explanation.
Type  H <return>  for immediate help.
 ...                                              
                                                  
l.197 ...f_1(x), f_2(x)\}$: $f_1, f_2$が凸なら
                                                  凸
You may provide a definition with
\DeclareUnicodeCharacter 


/Users/ryosuke.umeda/codes/OMSCS/ISYE6669_Deterministic-Optimization/exam/mid_term_prep.tex:197: LaTeX Error: Unicode character 凸 (U+51F8)
               not set up for use with LaTeX.

See the LaTeX manual or LaTeX Companion for explanation.
Type  H <return>  for immediate help.
 ...                                              
                                                  
l.197 ...(x), f_2(x)\}$: $f_1, f_2$が凸なら凸
                                                  
You may provide a definition with
\DeclareUnicodeCharacter 


/Users/ryosuke.umeda/codes/OMSCS/ISYE6669_Deterministic-Optimization/exam/mid_term_prep.tex:198: LaTeX Error: Unicode character 凸 (U+51F8)
               not set up for use with LaTeX.

See the LaTeX manual or LaTeX Companion for explanation.
Type  H <return>  for immediate help.
 ...                                              
                                                  
l.198 \item $|x|$: 凸
                      
You may provide a definition with
\DeclareUnicodeCharacter 


/Users/ryosuke.umeda/codes/OMSCS/ISYE6669_Deterministic-Optimization/exam/mid_term_prep.tex:201: LaTeX Error: Unicode character 決 (U+6C7A)
               not set up for use with LaTeX.

See the LaTeX manual or LaTeX Companion for explanation.
Type  H <return>  for immediate help.
 ...                                              
                                                  
l.201 \subsection*{決定変数の制約}
                                         
You may provide a definition with
\DeclareUnicodeCharacter 


/Users/ryosuke.umeda/codes/OMSCS/ISYE6669_Deterministic-Optimization/exam/mid_term_prep.tex:201: LaTeX Error: Unicode character 定 (U+5B9A)
               not set up for use with LaTeX.

See the LaTeX manual or LaTeX Companion for explanation.
Type  H <return>  for immediate help.
 ...                                              
                                                  
l.201 \subsection*{決定変数の制約}
                                         
You may provide a definition with
\DeclareUnicodeCharacter 


/Users/ryosuke.umeda/codes/OMSCS/ISYE6669_Deterministic-Optimization/exam/mid_term_prep.tex:201: LaTeX Error: Unicode character 変 (U+5909)
               not set up for use with LaTeX.

See the LaTeX manual or LaTeX Companion for explanation.
Type  H <return>  for immediate help.
 ...                                              
                                                  
l.201 \subsection*{決定変数の制約}
                                         
You may provide a definition with
\DeclareUnicodeCharacter 


/Users/ryosuke.umeda/codes/OMSCS/ISYE6669_Deterministic-Optimization/exam/mid_term_prep.tex:201: LaTeX Error: Unicode character 数 (U+6570)
               not set up for use with LaTeX.

See the LaTeX manual or LaTeX Companion for explanation.
Type  H <return>  for immediate help.
 ...                                              
                                                  
l.201 \subsection*{決定変数の制約}
                                         
You may provide a definition with
\DeclareUnicodeCharacter 


/Users/ryosuke.umeda/codes/OMSCS/ISYE6669_Deterministic-Optimization/exam/mid_term_prep.tex:201: LaTeX Error: Unicode character の (U+306E)
               not set up for use with LaTeX.

See the LaTeX manual or LaTeX Companion for explanation.
Type  H <return>  for immediate help.
 ...                                              
                                                  
l.201 \subsection*{決定変数の制約}
                                         
You may provide a definition with
\DeclareUnicodeCharacter 


/Users/ryosuke.umeda/codes/OMSCS/ISYE6669_Deterministic-Optimization/exam/mid_term_prep.tex:201: LaTeX Error: Unicode character 制 (U+5236)
               not set up for use with LaTeX.

See the LaTeX manual or LaTeX Companion for explanation.
Type  H <return>  for immediate help.
 ...                                              
                                                  
l.201 \subsection*{決定変数の制約}
                                         
You may provide a definition with
\DeclareUnicodeCharacter 


/Users/ryosuke.umeda/codes/OMSCS/ISYE6669_Deterministic-Optimization/exam/mid_term_prep.tex:201: LaTeX Error: Unicode character 約 (U+7D04)
               not set up for use with LaTeX.

See the LaTeX manual or LaTeX Companion for explanation.
Type  H <return>  for immediate help.
 ...                                              
                                                  
l.201 \subsection*{決定変数の制約}
                                         
You may provide a definition with
\DeclareUnicodeCharacter 


/Users/ryosuke.umeda/codes/OMSCS/ISYE6669_Deterministic-Optimization/exam/mid_term_prep.tex:203: LaTeX Error: Unicode character 不 (U+4E0D)
               not set up for use with LaTeX.

See the LaTeX manual or LaTeX Companion for explanation.
Type  H <return>  for immediate help.
 ...                                              
                                                  
l.203 \item \textbf{"here-and-now"}: 不
                                        確実性実現前に決定
You may provide a definition with
\DeclareUnicodeCharacter 


/Users/ryosuke.umeda/codes/OMSCS/ISYE6669_Deterministic-Optimization/exam/mid_term_prep.tex:203: LaTeX Error: Unicode character 確 (U+78BA)
               not set up for use with LaTeX.

See the LaTeX manual or LaTeX Companion for explanation.
Type  H <return>  for immediate help.
 ...                                              
                                                  
l.203 \item \textbf{"here-and-now"}: 不確
                                           実性実現前に決定
You may provide a definition with
\DeclareUnicodeCharacter 


/Users/ryosuke.umeda/codes/OMSCS/ISYE6669_Deterministic-Optimization/exam/mid_term_prep.tex:203: LaTeX Error: Unicode character 実 (U+5B9F)
               not set up for use with LaTeX.

See the LaTeX manual or LaTeX Companion for explanation.
Type  H <return>  for immediate help.
 ...                                              
                                                  
l.203 \item \textbf{"here-and-now"}: 不確実
                                              性実現前に決定
You may provide a definition with
\DeclareUnicodeCharacter 


/Users/ryosuke.umeda/codes/OMSCS/ISYE6669_Deterministic-Optimization/exam/mid_term_prep.tex:203: LaTeX Error: Unicode character 性 (U+6027)
               not set up for use with LaTeX.

See the LaTeX manual or LaTeX Companion for explanation.
Type  H <return>  for immediate help.
 ...                                              
                                                  
l.203 \item \textbf{"here-and-now"}: 不確実性
                                                 実現前に決定
You may provide a definition with
\DeclareUnicodeCharacter 


/Users/ryosuke.umeda/codes/OMSCS/ISYE6669_Deterministic-Optimization/exam/mid_term_prep.tex:203: LaTeX Error: Unicode character 実 (U+5B9F)
               not set up for use with LaTeX.

See the LaTeX manual or LaTeX Companion for explanation.
Type  H <return>  for immediate help.
 ...                                              
                                                  
l.203 ... \textbf{"here-and-now"}: 不確実性実
                                                  現前に決定
You may provide a definition with
\DeclareUnicodeCharacter 


/Users/ryosuke.umeda/codes/OMSCS/ISYE6669_Deterministic-Optimization/exam/mid_term_prep.tex:203: LaTeX Error: Unicode character 現 (U+73FE)
               not set up for use with LaTeX.

See the LaTeX manual or LaTeX Companion for explanation.
Type  H <return>  for immediate help.
 ...                                              
                                                  
l.203 ...extbf{"here-and-now"}: 不確実性実現
                                                  前に決定
You may provide a definition with
\DeclareUnicodeCharacter 


/Users/ryosuke.umeda/codes/OMSCS/ISYE6669_Deterministic-Optimization/exam/mid_term_prep.tex:203: LaTeX Error: Unicode character 前 (U+524D)
               not set up for use with LaTeX.

See the LaTeX manual or LaTeX Companion for explanation.
Type  H <return>  for immediate help.
 ...                                              
                                                  
l.203 ...bf{"here-and-now"}: 不確実性実現前
                                                  に決定
You may provide a definition with
\DeclareUnicodeCharacter 


/Users/ryosuke.umeda/codes/OMSCS/ISYE6669_Deterministic-Optimization/exam/mid_term_prep.tex:203: LaTeX Error: Unicode character に (U+306B)
               not set up for use with LaTeX.

See the LaTeX manual or LaTeX Companion for explanation.
Type  H <return>  for immediate help.
 ...                                              
                                                  
l.203 ..."here-and-now"}: 不確実性実現前に
                                                  決定
You may provide a definition with
\DeclareUnicodeCharacter 


/Users/ryosuke.umeda/codes/OMSCS/ISYE6669_Deterministic-Optimization/exam/mid_term_prep.tex:203: LaTeX Error: Unicode character 決 (U+6C7A)
               not set up for use with LaTeX.

See the LaTeX manual or LaTeX Companion for explanation.
Type  H <return>  for immediate help.
 ...                                              
                                                  
l.203 ...re-and-now"}: 不確実性実現前に決
                                                  定
You may provide a definition with
\DeclareUnicodeCharacter 


/Users/ryosuke.umeda/codes/OMSCS/ISYE6669_Deterministic-Optimization/exam/mid_term_prep.tex:203: LaTeX Error: Unicode character 定 (U+5B9A)
               not set up for use with LaTeX.

See the LaTeX manual or LaTeX Companion for explanation.
Type  H <return>  for immediate help.
 ...                                              
                                                  
l.203 ...and-now"}: 不確実性実現前に決定
                                                  
You may provide a definition with
\DeclareUnicodeCharacter 


/Users/ryosuke.umeda/codes/OMSCS/ISYE6669_Deterministic-Optimization/exam/mid_term_prep.tex:204: LaTeX Error: Unicode character 不 (U+4E0D)
               not set up for use with LaTeX.

See the LaTeX manual or LaTeX Companion for explanation.
Type  H <return>  for immediate help.
 ...                                              
                                                  
l.204 \item \textbf{"wait-and-see"}: 不
                                        確実性実現後に決定
You may provide a definition with
\DeclareUnicodeCharacter 


/Users/ryosuke.umeda/codes/OMSCS/ISYE6669_Deterministic-Optimization/exam/mid_term_prep.tex:204: LaTeX Error: Unicode character 確 (U+78BA)
               not set up for use with LaTeX.

See the LaTeX manual or LaTeX Companion for explanation.
Type  H <return>  for immediate help.
 ...                                              
                                                  
l.204 \item \textbf{"wait-and-see"}: 不確
                                           実性実現後に決定
You may provide a definition with
\DeclareUnicodeCharacter 


/Users/ryosuke.umeda/codes/OMSCS/ISYE6669_Deterministic-Optimization/exam/mid_term_prep.tex:204: LaTeX Error: Unicode character 実 (U+5B9F)
               not set up for use with LaTeX.

See the LaTeX manual or LaTeX Companion for explanation.
Type  H <return>  for immediate help.
 ...                                              
                                                  
l.204 \item \textbf{"wait-and-see"}: 不確実
                                              性実現後に決定
You may provide a definition with
\DeclareUnicodeCharacter 


/Users/ryosuke.umeda/codes/OMSCS/ISYE6669_Deterministic-Optimization/exam/mid_term_prep.tex:204: LaTeX Error: Unicode character 性 (U+6027)
               not set up for use with LaTeX.

See the LaTeX manual or LaTeX Companion for explanation.
Type  H <return>  for immediate help.
 ...                                              
                                                  
l.204 \item \textbf{"wait-and-see"}: 不確実性
                                                 実現後に決定
You may provide a definition with
\DeclareUnicodeCharacter 


/Users/ryosuke.umeda/codes/OMSCS/ISYE6669_Deterministic-Optimization/exam/mid_term_prep.tex:204: LaTeX Error: Unicode character 実 (U+5B9F)
               not set up for use with LaTeX.

See the LaTeX manual or LaTeX Companion for explanation.
Type  H <return>  for immediate help.
 ...                                              
                                                  
l.204 ... \textbf{"wait-and-see"}: 不確実性実
                                                  現後に決定
You may provide a definition with
\DeclareUnicodeCharacter 


/Users/ryosuke.umeda/codes/OMSCS/ISYE6669_Deterministic-Optimization/exam/mid_term_prep.tex:204: LaTeX Error: Unicode character 現 (U+73FE)
               not set up for use with LaTeX.

See the LaTeX manual or LaTeX Companion for explanation.
Type  H <return>  for immediate help.
 ...                                              
                                                  
l.204 ...extbf{"wait-and-see"}: 不確実性実現
                                                  後に決定
You may provide a definition with
\DeclareUnicodeCharacter 


/Users/ryosuke.umeda/codes/OMSCS/ISYE6669_Deterministic-Optimization/exam/mid_term_prep.tex:204: LaTeX Error: Unicode character 後 (U+5F8C)
               not set up for use with LaTeX.

See the LaTeX manual or LaTeX Companion for explanation.
Type  H <return>  for immediate help.
 ...                                              
                                                  
l.204 ...bf{"wait-and-see"}: 不確実性実現後
                                                  に決定
You may provide a definition with
\DeclareUnicodeCharacter 


/Users/ryosuke.umeda/codes/OMSCS/ISYE6669_Deterministic-Optimization/exam/mid_term_prep.tex:204: LaTeX Error: Unicode character に (U+306B)
               not set up for use with LaTeX.

See the LaTeX manual or LaTeX Companion for explanation.
Type  H <return>  for immediate help.
 ...                                              
                                                  
l.204 ..."wait-and-see"}: 不確実性実現後に
                                                  決定
You may provide a definition with
\DeclareUnicodeCharacter 


/Users/ryosuke.umeda/codes/OMSCS/ISYE6669_Deterministic-Optimization/exam/mid_term_prep.tex:204: LaTeX Error: Unicode character 決 (U+6C7A)
               not set up for use with LaTeX.

See the LaTeX manual or LaTeX Companion for explanation.
Type  H <return>  for immediate help.
 ...                                              
                                                  
l.204 ...it-and-see"}: 不確実性実現後に決
                                                  定
You may provide a definition with
\DeclareUnicodeCharacter 


/Users/ryosuke.umeda/codes/OMSCS/ISYE6669_Deterministic-Optimization/exam/mid_term_prep.tex:204: LaTeX Error: Unicode character 定 (U+5B9A)
               not set up for use with LaTeX.

See the LaTeX manual or LaTeX Companion for explanation.
Type  H <return>  for immediate help.
 ...                                              
                                                  
l.204 ...and-see"}: 不確実性実現後に決定
                                                  
You may provide a definition with
\DeclareUnicodeCharacter 


/Users/ryosuke.umeda/codes/OMSCS/ISYE6669_Deterministic-Optimization/exam/mid_term_prep.tex:207: LaTeX Error: Unicode character 重 (U+91CD)
               not set up for use with LaTeX.

See the LaTeX manual or LaTeX Companion for explanation.
Type  H <return>  for immediate help.
 ...                                              
                                                  
l.207 \subsection*{重要な数値例}
                                      
You may provide a definition with
\DeclareUnicodeCharacter 


/Users/ryosuke.umeda/codes/OMSCS/ISYE6669_Deterministic-Optimization/exam/mid_term_prep.tex:207: LaTeX Error: Unicode character 要 (U+8981)
               not set up for use with LaTeX.

See the LaTeX manual or LaTeX Companion for explanation.
Type  H <return>  for immediate help.
 ...                                              
                                                  
l.207 \subsection*{重要な数値例}
                                      
You may provide a definition with
\DeclareUnicodeCharacter 


/Users/ryosuke.umeda/codes/OMSCS/ISYE6669_Deterministic-Optimization/exam/mid_term_prep.tex:207: LaTeX Error: Unicode character な (U+306A)
               not set up for use with LaTeX.

See the LaTeX manual or LaTeX Companion for explanation.
Type  H <return>  for immediate help.
 ...                                              
                                                  
l.207 \subsection*{重要な数値例}
                                      
You may provide a definition with
\DeclareUnicodeCharacter 


/Users/ryosuke.umeda/codes/OMSCS/ISYE6669_Deterministic-Optimization/exam/mid_term_prep.tex:207: LaTeX Error: Unicode character 数 (U+6570)
               not set up for use with LaTeX.

See the LaTeX manual or LaTeX Companion for explanation.
Type  H <return>  for immediate help.
 ...                                              
                                                  
l.207 \subsection*{重要な数値例}
                                      
You may provide a definition with
\DeclareUnicodeCharacter 


/Users/ryosuke.umeda/codes/OMSCS/ISYE6669_Deterministic-Optimization/exam/mid_term_prep.tex:207: LaTeX Error: Unicode character 値 (U+5024)
               not set up for use with LaTeX.

See the LaTeX manual or LaTeX Companion for explanation.
Type  H <return>  for immediate help.
 ...                                              
                                                  
l.207 \subsection*{重要な数値例}
                                      
You may provide a definition with
\DeclareUnicodeCharacter 


/Users/ryosuke.umeda/codes/OMSCS/ISYE6669_Deterministic-Optimization/exam/mid_term_prep.tex:207: LaTeX Error: Unicode character 例 (U+4F8B)
               not set up for use with LaTeX.

See the LaTeX manual or LaTeX Companion for explanation.
Type  H <return>  for immediate help.
 ...                                              
                                                  
l.207 \subsection*{重要な数値例}
                                      
You may provide a definition with
\DeclareUnicodeCharacter 


/Users/ryosuke.umeda/codes/OMSCS/ISYE6669_Deterministic-Optimization/exam/mid_term_prep.tex:208: LaTeX Error: Unicode character 過 (U+904E)
               not set up for use with LaTeX.

See the LaTeX manual or LaTeX Companion for explanation.
Type  H <return>  for immediate help.
 ...                                              
                                                  
l.208 過
         去問から:
You may provide a definition with
\DeclareUnicodeCharacter 


/Users/ryosuke.umeda/codes/OMSCS/ISYE6669_Deterministic-Optimization/exam/mid_term_prep.tex:208: LaTeX Error: Unicode character 去 (U+53BB)
               not set up for use with LaTeX.

See the LaTeX manual or LaTeX Companion for explanation.
Type  H <return>  for immediate help.
 ...                                              
                                                  
l.208 過去
            問から:
You may provide a definition with
\DeclareUnicodeCharacter 


/Users/ryosuke.umeda/codes/OMSCS/ISYE6669_Deterministic-Optimization/exam/mid_term_prep.tex:208: LaTeX Error: Unicode character 問 (U+554F)
               not set up for use with LaTeX.

See the LaTeX manual or LaTeX Companion for explanation.
Type  H <return>  for immediate help.
 ...                                              
                                                  
l.208 過去問
               から:
You may provide a definition with
\DeclareUnicodeCharacter 


/Users/ryosuke.umeda/codes/OMSCS/ISYE6669_Deterministic-Optimization/exam/mid_term_prep.tex:208: LaTeX Error: Unicode character か (U+304B)
               not set up for use with LaTeX.

See the LaTeX manual or LaTeX Companion for explanation.
Type  H <return>  for immediate help.
 ...                                              
                                                  
l.208 過去問か
                  ら:
You may provide a definition with
\DeclareUnicodeCharacter 


/Users/ryosuke.umeda/codes/OMSCS/ISYE6669_Deterministic-Optimization/exam/mid_term_prep.tex:208: LaTeX Error: Unicode character ら (U+3089)
               not set up for use with LaTeX.

See the LaTeX manual or LaTeX Companion for explanation.
Type  H <return>  for immediate help.
 ...                                              
                                                  
l.208 過去問から
                     :
You may provide a definition with
\DeclareUnicodeCharacter 


/Users/ryosuke.umeda/codes/OMSCS/ISYE6669_Deterministic-Optimization/exam/mid_term_prep.tex:210: LaTeX Error: Unicode character 勾 (U+52FE)
               not set up for use with LaTeX.

See the LaTeX manual or LaTeX Companion for explanation.
Type  H <return>  for immediate help.
 ...                                              
                                                  
l.210 \item \textbf{勾配計算}
                                 : $f(x_1,x_2) = \sqrt{x_1-1} + (x_2-1)^{1/4...
You may provide a definition with
\DeclareUnicodeCharacter 


/Users/ryosuke.umeda/codes/OMSCS/ISYE6669_Deterministic-Optimization/exam/mid_term_prep.tex:210: LaTeX Error: Unicode character 配 (U+914D)
               not set up for use with LaTeX.

See the LaTeX manual or LaTeX Companion for explanation.
Type  H <return>  for immediate help.
 ...                                              
                                                  
l.210 \item \textbf{勾配計算}
                                 : $f(x_1,x_2) = \sqrt{x_1-1} + (x_2-1)^{1/4...
You may provide a definition with
\DeclareUnicodeCharacter 


/Users/ryosuke.umeda/codes/OMSCS/ISYE6669_Deterministic-Optimization/exam/mid_term_prep.tex:210: LaTeX Error: Unicode character 計 (U+8A08)
               not set up for use with LaTeX.

See the LaTeX manual or LaTeX Companion for explanation.
Type  H <return>  for immediate help.
 ...                                              
                                                  
l.210 \item \textbf{勾配計算}
                                 : $f(x_1,x_2) = \sqrt{x_1-1} + (x_2-1)^{1/4...
You may provide a definition with
\DeclareUnicodeCharacter 


/Users/ryosuke.umeda/codes/OMSCS/ISYE6669_Deterministic-Optimization/exam/mid_term_prep.tex:210: LaTeX Error: Unicode character 算 (U+7B97)
               not set up for use with LaTeX.

See the LaTeX manual or LaTeX Companion for explanation.
Type  H <return>  for immediate help.
 ...                                              
                                                  
l.210 \item \textbf{勾配計算}
                                 : $f(x_1,x_2) = \sqrt{x_1-1} + (x_2-1)^{1/4...
You may provide a definition with
\DeclareUnicodeCharacter 


/Users/ryosuke.umeda/codes/OMSCS/ISYE6669_Deterministic-Optimization/exam/mid_term_prep.tex:212: LaTeX Error: Unicode character ヘ (U+30D8)
               not set up for use with LaTeX.

See the LaTeX manual or LaTeX Companion for explanation.
Type  H <return>  for immediate help.
 ...                                              
                                                  
l.212 \item \textbf{ヘシアン計算}
                                       : 各偏導関数の2次偏微分
You may provide a definition with
\DeclareUnicodeCharacter 


/Users/ryosuke.umeda/codes/OMSCS/ISYE6669_Deterministic-Optimization/exam/mid_term_prep.tex:212: LaTeX Error: Unicode character シ (U+30B7)
               not set up for use with LaTeX.

See the LaTeX manual or LaTeX Companion for explanation.
Type  H <return>  for immediate help.
 ...                                              
                                                  
l.212 \item \textbf{ヘシアン計算}
                                       : 各偏導関数の2次偏微分
You may provide a definition with
\DeclareUnicodeCharacter 


/Users/ryosuke.umeda/codes/OMSCS/ISYE6669_Deterministic-Optimization/exam/mid_term_prep.tex:212: LaTeX Error: Unicode character ア (U+30A2)
               not set up for use with LaTeX.

See the LaTeX manual or LaTeX Companion for explanation.
Type  H <return>  for immediate help.
 ...                                              
                                                  
l.212 \item \textbf{ヘシアン計算}
                                       : 各偏導関数の2次偏微分
You may provide a definition with
\DeclareUnicodeCharacter 


/Users/ryosuke.umeda/codes/OMSCS/ISYE6669_Deterministic-Optimization/exam/mid_term_prep.tex:212: LaTeX Error: Unicode character ン (U+30F3)
               not set up for use with LaTeX.

See the LaTeX manual or LaTeX Companion for explanation.
Type  H <return>  for immediate help.
 ...                                              
                                                  
l.212 \item \textbf{ヘシアン計算}
                                       : 各偏導関数の2次偏微分
You may provide a definition with
\DeclareUnicodeCharacter 


/Users/ryosuke.umeda/codes/OMSCS/ISYE6669_Deterministic-Optimization/exam/mid_term_prep.tex:212: LaTeX Error: Unicode character 計 (U+8A08)
               not set up for use with LaTeX.

See the LaTeX manual or LaTeX Companion for explanation.
Type  H <return>  for immediate help.
 ...                                              
                                                  
l.212 \item \textbf{ヘシアン計算}
                                       : 各偏導関数の2次偏微分
You may provide a definition with
\DeclareUnicodeCharacter 


/Users/ryosuke.umeda/codes/OMSCS/ISYE6669_Deterministic-Optimization/exam/mid_term_prep.tex:212: LaTeX Error: Unicode character 算 (U+7B97)
               not set up for use with LaTeX.

See the LaTeX manual or LaTeX Companion for explanation.
Type  H <return>  for immediate help.
 ...                                              
                                                  
l.212 \item \textbf{ヘシアン計算}
                                       : 各偏導関数の2次偏微分
You may provide a definition with
\DeclareUnicodeCharacter 


/Users/ryosuke.umeda/codes/OMSCS/ISYE6669_Deterministic-Optimization/exam/mid_term_prep.tex:212: LaTeX Error: Unicode character 各 (U+5404)
               not set up for use with LaTeX.

See the LaTeX manual or LaTeX Companion for explanation.
Type  H <return>  for immediate help.
 ...                                              
                                                  
l.212 \item \textbf{ヘシアン計算}: 各
                                            偏導関数の2次偏微分
You may provide a definition with
\DeclareUnicodeCharacter 


/Users/ryosuke.umeda/codes/OMSCS/ISYE6669_Deterministic-Optimization/exam/mid_term_prep.tex:212: LaTeX Error: Unicode character 偏 (U+504F)
               not set up for use with LaTeX.

See the LaTeX manual or LaTeX Companion for explanation.
Type  H <return>  for immediate help.
 ...                                              
                                                  
l.212 \item \textbf{ヘシアン計算}: 各偏
                                               導関数の2次偏微分
You may provide a definition with
\DeclareUnicodeCharacter 


/Users/ryosuke.umeda/codes/OMSCS/ISYE6669_Deterministic-Optimization/exam/mid_term_prep.tex:212: LaTeX Error: Unicode character 導 (U+5C0E)
               not set up for use with LaTeX.

See the LaTeX manual or LaTeX Companion for explanation.
Type  H <return>  for immediate help.
 ...                                              
                                                  
l.212 \item \textbf{ヘシアン計算}: 各偏導
                                                  関数の2次偏微分
You may provide a definition with
\DeclareUnicodeCharacter 


/Users/ryosuke.umeda/codes/OMSCS/ISYE6669_Deterministic-Optimization/exam/mid_term_prep.tex:212: LaTeX Error: Unicode character 関 (U+95A2)
               not set up for use with LaTeX.

See the LaTeX manual or LaTeX Companion for explanation.
Type  H <return>  for immediate help.
 ...                                              
                                                  
l.212 ...\textbf{ヘシアン計算}: 各偏導関
                                                  数の2次偏微分
You may provide a definition with
\DeclareUnicodeCharacter 


/Users/ryosuke.umeda/codes/OMSCS/ISYE6669_Deterministic-Optimization/exam/mid_term_prep.tex:212: LaTeX Error: Unicode character 数 (U+6570)
               not set up for use with LaTeX.

See the LaTeX manual or LaTeX Companion for explanation.
Type  H <return>  for immediate help.
 ...                                              
                                                  
l.212 ...xtbf{ヘシアン計算}: 各偏導関数
                                                  の2次偏微分
You may provide a definition with
\DeclareUnicodeCharacter 


/Users/ryosuke.umeda/codes/OMSCS/ISYE6669_Deterministic-Optimization/exam/mid_term_prep.tex:212: LaTeX Error: Unicode character の (U+306E)
               not set up for use with LaTeX.

See the LaTeX manual or LaTeX Companion for explanation.
Type  H <return>  for immediate help.
 ...                                              
                                                  
l.212 ...f{ヘシアン計算}: 各偏導関数の
                                                  2次偏微分
You may provide a definition with
\DeclareUnicodeCharacter 


/Users/ryosuke.umeda/codes/OMSCS/ISYE6669_Deterministic-Optimization/exam/mid_term_prep.tex:212: LaTeX Error: Unicode character 次 (U+6B21)
               not set up for use with LaTeX.

See the LaTeX manual or LaTeX Companion for explanation.
Type  H <return>  for immediate help.
 ...                                              
                                                  
l.212 ...�シアン計算}: 各偏導関数の2次
                                                  偏微分
You may provide a definition with
\DeclareUnicodeCharacter 


/Users/ryosuke.umeda/codes/OMSCS/ISYE6669_Deterministic-Optimization/exam/mid_term_prep.tex:212: LaTeX Error: Unicode character 偏 (U+504F)
               not set up for use with LaTeX.

See the LaTeX manual or LaTeX Companion for explanation.
Type  H <return>  for immediate help.
 ...                                              
                                                  
l.212 ...�アン計算}: 各偏導関数の2次偏
                                                  微分
You may provide a definition with
\DeclareUnicodeCharacter 


/Users/ryosuke.umeda/codes/OMSCS/ISYE6669_Deterministic-Optimization/exam/mid_term_prep.tex:212: LaTeX Error: Unicode character 微 (U+5FAE)
               not set up for use with LaTeX.

See the LaTeX manual or LaTeX Companion for explanation.
Type  H <return>  for immediate help.
 ...                                              
                                                  
l.212 ...�ン計算}: 各偏導関数の2次偏微
                                                  分
You may provide a definition with
\DeclareUnicodeCharacter 


/Users/ryosuke.umeda/codes/OMSCS/ISYE6669_Deterministic-Optimization/exam/mid_term_prep.tex:212: LaTeX Error: Unicode character 分 (U+5206)
               not set up for use with LaTeX.

See the LaTeX manual or LaTeX Companion for explanation.
Type  H <return>  for immediate help.
 ...                                              
                                                  
l.212 ...�計算}: 各偏導関数の2次偏微分
                                                  
You may provide a definition with
\DeclareUnicodeCharacter 

[1

{/usr/local/texlive/2025/texmf-var/fonts/map/pdftex/updmap/pdftex.map}{/usr/local/texlive/2025/texmf-dist/fonts/enc/dvips/cm-super/cm-super-ts1.enc}]

/Users/ryosuke.umeda/codes/OMSCS/ISYE6669_Deterministic-Optimization/exam/mid_term_prep.tex:219: LaTeX Error: Unicode character 重 (U+91CD)
               not set up for use with LaTeX.

See the LaTeX manual or LaTeX Companion for explanation.
Type  H <return>  for immediate help.
 ...                                              
                                                  
l.219 \section*{重要記号・略語}
                                      
You may provide a definition with
\DeclareUnicodeCharacter 


/Users/ryosuke.umeda/codes/OMSCS/ISYE6669_Deterministic-Optimization/exam/mid_term_prep.tex:219: LaTeX Error: Unicode character 要 (U+8981)
               not set up for use with LaTeX.

See the LaTeX manual or LaTeX Companion for explanation.
Type  H <return>  for immediate help.
 ...                                              
                                                  
l.219 \section*{重要記号・略語}
                                      
You may provide a definition with
\DeclareUnicodeCharacter 


/Users/ryosuke.umeda/codes/OMSCS/ISYE6669_Deterministic-Optimization/exam/mid_term_prep.tex:219: LaTeX Error: Unicode character 記 (U+8A18)
               not set up for use with LaTeX.

See the LaTeX manual or LaTeX Companion for explanation.
Type  H <return>  for immediate help.
 ...                                              
                                                  
l.219 \section*{重要記号・略語}
                                      
You may provide a definition with
\DeclareUnicodeCharacter 


/Users/ryosuke.umeda/codes/OMSCS/ISYE6669_Deterministic-Optimization/exam/mid_term_prep.tex:219: LaTeX Error: Unicode character 号 (U+53F7)
               not set up for use with LaTeX.

See the LaTeX manual or LaTeX Companion for explanation.
Type  H <return>  for immediate help.
 ...                                              
                                                  
l.219 \section*{重要記号・略語}
                                      
You may provide a definition with
\DeclareUnicodeCharacter 


/Users/ryosuke.umeda/codes/OMSCS/ISYE6669_Deterministic-Optimization/exam/mid_term_prep.tex:219: LaTeX Error: Unicode character ・ (U+30FB)
               not set up for use with LaTeX.

See the LaTeX manual or LaTeX Companion for explanation.
Type  H <return>  for immediate help.
 ...                                              
                                                  
l.219 \section*{重要記号・略語}
                                      
You may provide a definition with
\DeclareUnicodeCharacter 


/Users/ryosuke.umeda/codes/OMSCS/ISYE6669_Deterministic-Optimization/exam/mid_term_prep.tex:219: LaTeX Error: Unicode character 略 (U+7565)
               not set up for use with LaTeX.

See the LaTeX manual or LaTeX Companion for explanation.
Type  H <return>  for immediate help.
 ...                                              
                                                  
l.219 \section*{重要記号・略語}
                                      
You may provide a definition with
\DeclareUnicodeCharacter 


/Users/ryosuke.umeda/codes/OMSCS/ISYE6669_Deterministic-Optimization/exam/mid_term_prep.tex:219: LaTeX Error: Unicode character 語 (U+8A9E)
               not set up for use with LaTeX.

See the LaTeX manual or LaTeX Companion for explanation.
Type  H <return>  for immediate help.
 ...                                              
                                                  
l.219 \section*{重要記号・略語}
                                      
You may provide a definition with
\DeclareUnicodeCharacter 


/Users/ryosuke.umeda/codes/OMSCS/ISYE6669_Deterministic-Optimization/exam/mid_term_prep.tex:221: LaTeX Error: Unicode character 線 (U+7DDA)
               not set up for use with LaTeX.

See the LaTeX manual or LaTeX Companion for explanation.
Type  H <return>  for immediate help.
 ...                                              
                                                  
l.221 \item \textbf{LP}: Linear Programming (線
                                                形計画法)
You may provide a definition with
\DeclareUnicodeCharacter 


/Users/ryosuke.umeda/codes/OMSCS/ISYE6669_Deterministic-Optimization/exam/mid_term_prep.tex:221: LaTeX Error: Unicode character 形 (U+5F62)
               not set up for use with LaTeX.

See the LaTeX manual or LaTeX Companion for explanation.
Type  H <return>  for immediate help.
 ...                                              
                                                  
l.221 ...m \textbf{LP}: Linear Programming (線形
                                                  計画法)
You may provide a definition with
\DeclareUnicodeCharacter 


/Users/ryosuke.umeda/codes/OMSCS/ISYE6669_Deterministic-Optimization/exam/mid_term_prep.tex:221: LaTeX Error: Unicode character 計 (U+8A08)
               not set up for use with LaTeX.

See the LaTeX manual or LaTeX Companion for explanation.
Type  H <return>  for immediate help.
 ...                                              
                                                  
l.221 ...textbf{LP}: Linear Programming (線形計
                                                  画法)
You may provide a definition with
\DeclareUnicodeCharacter 


/Users/ryosuke.umeda/codes/OMSCS/ISYE6669_Deterministic-Optimization/exam/mid_term_prep.tex:221: LaTeX Error: Unicode character 画 (U+753B)
               not set up for use with LaTeX.

See the LaTeX manual or LaTeX Companion for explanation.
Type  H <return>  for immediate help.
 ...                                              
                                                  
l.221 ...tbf{LP}: Linear Programming (線形計画
                                                  法)
You may provide a definition with
\DeclareUnicodeCharacter 


/Users/ryosuke.umeda/codes/OMSCS/ISYE6669_Deterministic-Optimization/exam/mid_term_prep.tex:221: LaTeX Error: Unicode character 法 (U+6CD5)
               not set up for use with LaTeX.

See the LaTeX manual or LaTeX Companion for explanation.
Type  H <return>  for immediate help.
 ...                                              
                                                  
l.221 ...{LP}: Linear Programming (線形計画法
                                                  )
You may provide a definition with
\DeclareUnicodeCharacter 


/Users/ryosuke.umeda/codes/OMSCS/ISYE6669_Deterministic-Optimization/exam/mid_term_prep.tex:222: LaTeX Error: Unicode character 非 (U+975E)
               not set up for use with LaTeX.

See the LaTeX manual or LaTeX Companion for explanation.
Type  H <return>  for immediate help.
 ...                                              
                                                  
l.222 ... \textbf{NLP}: Nonlinear Programming (非
                                                  線形計画法)
You may provide a definition with
\DeclareUnicodeCharacter 


/Users/ryosuke.umeda/codes/OMSCS/ISYE6669_Deterministic-Optimization/exam/mid_term_prep.tex:222: LaTeX Error: Unicode character 線 (U+7DDA)
               not set up for use with LaTeX.

See the LaTeX manual or LaTeX Companion for explanation.
Type  H <return>  for immediate help.
 ...                                              
                                                  
l.222 ...extbf{NLP}: Nonlinear Programming (非線
                                                  形計画法)
You may provide a definition with
\DeclareUnicodeCharacter 


/Users/ryosuke.umeda/codes/OMSCS/ISYE6669_Deterministic-Optimization/exam/mid_term_prep.tex:222: LaTeX Error: Unicode character 形 (U+5F62)
               not set up for use with LaTeX.

See the LaTeX manual or LaTeX Companion for explanation.
Type  H <return>  for immediate help.
 ...                                              
                                                  
l.222 ...bf{NLP}: Nonlinear Programming (非線形
                                                  計画法)
You may provide a definition with
\DeclareUnicodeCharacter 


/Users/ryosuke.umeda/codes/OMSCS/ISYE6669_Deterministic-Optimization/exam/mid_term_prep.tex:222: LaTeX Error: Unicode character 計 (U+8A08)
               not set up for use with LaTeX.

See the LaTeX manual or LaTeX Companion for explanation.
Type  H <return>  for immediate help.
 ...                                              
                                                  
l.222 ...NLP}: Nonlinear Programming (非線形計
                                                  画法)
You may provide a definition with
\DeclareUnicodeCharacter 


/Users/ryosuke.umeda/codes/OMSCS/ISYE6669_Deterministic-Optimization/exam/mid_term_prep.tex:222: LaTeX Error: Unicode character 画 (U+753B)
               not set up for use with LaTeX.

See the LaTeX manual or LaTeX Companion for explanation.
Type  H <return>  for immediate help.
 ...                                              
                                                  
l.222 ...}: Nonlinear Programming (非線形計画
                                                  法)
You may provide a definition with
\DeclareUnicodeCharacter 


/Users/ryosuke.umeda/codes/OMSCS/ISYE6669_Deterministic-Optimization/exam/mid_term_prep.tex:222: LaTeX Error: Unicode character 法 (U+6CD5)
               not set up for use with LaTeX.

See the LaTeX manual or LaTeX Companion for explanation.
Type  H <return>  for immediate help.
 ...                                              
                                                  
l.222 ...Nonlinear Programming (非線形計画法
                                                  )
You may provide a definition with
\DeclareUnicodeCharacter 


/Users/ryosuke.umeda/codes/OMSCS/ISYE6669_Deterministic-Optimization/exam/mid_term_prep.tex:223: LaTeX Error: Unicode character 基 (U+57FA)
               not set up for use with LaTeX.

See the LaTeX manual or LaTeX Companion for explanation.
Type  H <return>  for immediate help.
 ...                                              
                                                  
l.223 ...textbf{BFS}: Basic Feasible Solution (基
                                                  本実行可能解)
You may provide a definition with
\DeclareUnicodeCharacter 


/Users/ryosuke.umeda/codes/OMSCS/ISYE6669_Deterministic-Optimization/exam/mid_term_prep.tex:223: LaTeX Error: Unicode character 本 (U+672C)
               not set up for use with LaTeX.

See the LaTeX manual or LaTeX Companion for explanation.
Type  H <return>  for immediate help.
 ...                                              
                                                  
l.223 ...tbf{BFS}: Basic Feasible Solution (基本
                                                  実行可能解)
You may provide a definition with
\DeclareUnicodeCharacter 


/Users/ryosuke.umeda/codes/OMSCS/ISYE6669_Deterministic-Optimization/exam/mid_term_prep.tex:223: LaTeX Error: Unicode character 実 (U+5B9F)
               not set up for use with LaTeX.

See the LaTeX manual or LaTeX Companion for explanation.
Type  H <return>  for immediate help.
 ...                                              
                                                  
l.223 ...{BFS}: Basic Feasible Solution (基本実
                                                  行可能解)
You may provide a definition with
\DeclareUnicodeCharacter 


/Users/ryosuke.umeda/codes/OMSCS/ISYE6669_Deterministic-Optimization/exam/mid_term_prep.tex:223: LaTeX Error: Unicode character 行 (U+884C)
               not set up for use with LaTeX.

See the LaTeX manual or LaTeX Companion for explanation.
Type  H <return>  for immediate help.
 ...                                              
                                                  
l.223 ...S}: Basic Feasible Solution (基本実行
                                                  可能解)
You may provide a definition with
\DeclareUnicodeCharacter 


/Users/ryosuke.umeda/codes/OMSCS/ISYE6669_Deterministic-Optimization/exam/mid_term_prep.tex:223: LaTeX Error: Unicode character 可 (U+53EF)
               not set up for use with LaTeX.

See the LaTeX manual or LaTeX Companion for explanation.
Type  H <return>  for immediate help.
 ...                                              
                                                  
l.223 ... Basic Feasible Solution (基本実行可
                                                  能解)
You may provide a definition with
\DeclareUnicodeCharacter 


/Users/ryosuke.umeda/codes/OMSCS/ISYE6669_Deterministic-Optimization/exam/mid_term_prep.tex:223: LaTeX Error: Unicode character 能 (U+80FD)
               not set up for use with LaTeX.

See the LaTeX manual or LaTeX Companion for explanation.
Type  H <return>  for immediate help.
 ...                                              
                                                  
l.223 ...sic Feasible Solution (基本実行可能
                                                  解)
You may provide a definition with
\DeclareUnicodeCharacter 


/Users/ryosuke.umeda/codes/OMSCS/ISYE6669_Deterministic-Optimization/exam/mid_term_prep.tex:223: LaTeX Error: Unicode character 解 (U+89E3)
               not set up for use with LaTeX.

See the LaTeX manual or LaTeX Companion for explanation.
Type  H <return>  for immediate help.
 ...                                              
                                                  
l.223 ... Feasible Solution (基本実行可能解
                                                  )
You may provide a definition with
\DeclareUnicodeCharacter 


/Users/ryosuke.umeda/codes/OMSCS/ISYE6669_Deterministic-Optimization/exam/mid_term_prep.tex:224: LaTeX Error: Unicode character 正 (U+6B63)
               not set up for use with LaTeX.

See the LaTeX manual or LaTeX Companion for explanation.
Type  H <return>  for immediate help.
 ...                                              
                                                  
l.224 ... \textbf{PSD}: Positive Semidefinite (正
                                                  半定値)
You may provide a definition with
\DeclareUnicodeCharacter 


/Users/ryosuke.umeda/codes/OMSCS/ISYE6669_Deterministic-Optimization/exam/mid_term_prep.tex:224: LaTeX Error: Unicode character 半 (U+534A)
               not set up for use with LaTeX.

See the LaTeX manual or LaTeX Companion for explanation.
Type  H <return>  for immediate help.
 ...                                              
                                                  
l.224 ...extbf{PSD}: Positive Semidefinite (正半
                                                  定値)
You may provide a definition with
\DeclareUnicodeCharacter 


/Users/ryosuke.umeda/codes/OMSCS/ISYE6669_Deterministic-Optimization/exam/mid_term_prep.tex:224: LaTeX Error: Unicode character 定 (U+5B9A)
               not set up for use with LaTeX.

See the LaTeX manual or LaTeX Companion for explanation.
Type  H <return>  for immediate help.
 ...                                              
                                                  
l.224 ...bf{PSD}: Positive Semidefinite (正半定
                                                  値)
You may provide a definition with
\DeclareUnicodeCharacter 


/Users/ryosuke.umeda/codes/OMSCS/ISYE6669_Deterministic-Optimization/exam/mid_term_prep.tex:224: LaTeX Error: Unicode character 値 (U+5024)
               not set up for use with LaTeX.

See the LaTeX manual or LaTeX Companion for explanation.
Type  H <return>  for immediate help.
 ...                                              
                                                  
l.224 ...PSD}: Positive Semidefinite (正半定値
                                                  )
You may provide a definition with
\DeclareUnicodeCharacter 


/Users/ryosuke.umeda/codes/OMSCS/ISYE6669_Deterministic-Optimization/exam/mid_term_prep.tex:225: LaTeX Error: Unicode character 正 (U+6B63)
               not set up for use with LaTeX.

See the LaTeX manual or LaTeX Companion for explanation.
Type  H <return>  for immediate help.
 ...                                              
                                                  
l.225 \item \textbf{PD}: Positive Definite (正
                                               定値)
You may provide a definition with
\DeclareUnicodeCharacter 


/Users/ryosuke.umeda/codes/OMSCS/ISYE6669_Deterministic-Optimization/exam/mid_term_prep.tex:225: LaTeX Error: Unicode character 定 (U+5B9A)
               not set up for use with LaTeX.

See the LaTeX manual or LaTeX Companion for explanation.
Type  H <return>  for immediate help.
 ...                                              
                                                  
l.225 \item \textbf{PD}: Positive Definite (正定
                                                  値)
You may provide a definition with
\DeclareUnicodeCharacter 


/Users/ryosuke.umeda/codes/OMSCS/ISYE6669_Deterministic-Optimization/exam/mid_term_prep.tex:225: LaTeX Error: Unicode character 値 (U+5024)
               not set up for use with LaTeX.

See the LaTeX manual or LaTeX Companion for explanation.
Type  H <return>  for immediate help.
 ...                                              
                                                  
l.225 ...\textbf{PD}: Positive Definite (正定値
                                                  )
You may provide a definition with
\DeclareUnicodeCharacter 


/Users/ryosuke.umeda/codes/OMSCS/ISYE6669_Deterministic-Optimization/exam/mid_term_prep.tex:226: LaTeX Error: Unicode character 制 (U+5236)
               not set up for use with LaTeX.

See the LaTeX manual or LaTeX Companion for explanation.
Type  H <return>  for immediate help.
 ...                                              
                                                  
l.226 \item \textbf{s.t.}: subject to (制
                                          約条件)
You may provide a definition with
\DeclareUnicodeCharacter 


/Users/ryosuke.umeda/codes/OMSCS/ISYE6669_Deterministic-Optimization/exam/mid_term_prep.tex:226: LaTeX Error: Unicode character 約 (U+7D04)
               not set up for use with LaTeX.

See the LaTeX manual or LaTeX Companion for explanation.
Type  H <return>  for immediate help.
 ...                                              
                                                  
l.226 \item \textbf{s.t.}: subject to (制約
                                             条件)
You may provide a definition with
\DeclareUnicodeCharacter 


/Users/ryosuke.umeda/codes/OMSCS/ISYE6669_Deterministic-Optimization/exam/mid_term_prep.tex:226: LaTeX Error: Unicode character 条 (U+6761)
               not set up for use with LaTeX.

See the LaTeX manual or LaTeX Companion for explanation.
Type  H <return>  for immediate help.
 ...                                              
                                                  
l.226 \item \textbf{s.t.}: subject to (制約条
                                                件)
You may provide a definition with
\DeclareUnicodeCharacter 


/Users/ryosuke.umeda/codes/OMSCS/ISYE6669_Deterministic-Optimization/exam/mid_term_prep.tex:226: LaTeX Error: Unicode character 件 (U+4EF6)
               not set up for use with LaTeX.

See the LaTeX manual or LaTeX Companion for explanation.
Type  H <return>  for immediate help.
 ...                                              
                                                  
l.226 ...m \textbf{s.t.}: subject to (制約条件
                                                  )
You may provide a definition with
\DeclareUnicodeCharacter 



[2] (./mid_term_prep.aux)
 ***********
LaTeX2e <2024-11-01> patch level 2
L3 programming layer <2022/08/05>
 ***********
 ) 
Here is how much of TeX's memory you used:
 18028 strings out of 473190
 375491 string characters out of 5715800
 868054 words of memory out of 5000000
 40977 multiletter control sequences out of 15000+600000
 562389 words of font info for 50 fonts, out of 8000000 for 9000
 1141 hyphenation exceptions out of 8191
 102i,10n,107p,8888b,718s stack positions out of 10000i,1000n,20000p,200000b,200000s
</usr/local/texlive/2025/texmf-dist/fonts/type1/public/amsfonts/cm/cmbx10.pfb></usr/local/texlive/2025/texmf-dist/fonts/type1/public/amsfonts/cm/cmbx12.pfb></usr/local/texlive/2025/texmf-dist/fonts/type1/public/amsfonts/cm/cmex10.pfb></usr/local/texlive/2025/texmf-dist/fonts/type1/public/amsfonts/cm/cmmi10.pfb></usr/local/texlive/2025/texmf-dist/fonts/type1/public/amsfonts/cm/cmmi5.pfb></usr/local/texlive/2025/texmf-dist/fonts/type1/public/amsfonts/cm/cmmi7.pfb></usr/local/texlive/2025/texmf-dist/fonts/type1/public/amsfonts/cm/cmr10.pfb></usr/local/texlive/2025/texmf-dist/fonts/type1/public/amsfonts/cm/cmr5.pfb></usr/local/texlive/2025/texmf-dist/fonts/type1/public/amsfonts/cm/cmr7.pfb></usr/local/texlive/2025/texmf-dist/fonts/type1/public/amsfonts/cm/cmsy10.pfb></usr/local/texlive/2025/texmf-dist/fonts/type1/public/amsfonts/cm/cmsy7.pfb></usr/local/texlive/2025/texmf-dist/fonts/type1/public/cm-super/sfrm1000.pfb>
Output written on mid_term_prep.pdf (2 pages, 131333 bytes).
PDF statistics:
 75 PDF objects out of 1000 (max. 8388607)
 46 compressed objects within 1 object stream
 0 named destinations out of 1000 (max. 500000)
 13 words of extra memory for PDF output out of 10000 (max. 10000000)

